{
"type": "FeatureCollection",
"name": "mp_boundary",
"crs": { "type": "name", "properties": { "name": "urn:ogc:def:crs:OGC:1.3:CRS84" } },
"features": [
{ "type": "Feature", "properties": { }, "geometry": { "type": "MultiPolygon", "coordinates": [ [ [ [ 74.582195917887304, 21.665675294228482 ], [ 74.580491976763341, 21.683102203603298 ], [ 74.554149997609244, 21.681366061360826 ], [ 74.557522271141124, 21.704263179516577 ], [ 74.547115606829507, 21.719561669328591 ], [ 74.512955102598582, 21.718580280416131 ], [ 74.50540706614531, 21.726299403001033 ], [ 74.514118646928878, 21.765557043655843 ], [ 74.498214334439936, 21.790093355647787 ], [ 74.510091511121246, 21.829296166032055 ], [ 74.513752174963457, 21.890085256649414 ], [ 74.524294332381544, 21.910671240490469 ], [ 74.509309335818457, 21.920726694384115 ], [ 74.508473096284987, 21.937422352830687 ], [ 74.484659176938905, 21.945907571966032 ], [ 74.488627510008243, 21.956313899669635 ], [ 74.469008441207663, 21.959769423009238 ], [ 74.469531278198687, 21.967190395374711 ], [ 74.453378955820483, 21.962010600313572 ], [ 74.439390906039648, 21.976796114135009 ], [ 74.44146184692049, 21.989900464785944 ], [ 74.43233179017102, 21.999475676511079 ], [ 74.452191713330819, 22.004300805321847 ], [ 74.438737799390779, 22.020914678641329 ], [ 74.443407458078795, 22.023373757222888 ], [ 74.431547602259954, 22.030231317065933 ], [ 74.40178157169656, 22.023285420975753 ], [ 74.395186411998424, 22.033831758569036 ], [ 74.38660901592732, 22.033877783946519 ], [ 74.398042125287745, 22.022894824924688 ], [ 74.384184568449413, 22.017565762135561 ], [ 74.375578835999889, 22.000507674714232 ], [ 74.344477854632956, 21.975207307858785 ], [ 74.300674359179666, 21.967048643988601 ], [ 74.283383383242878, 21.934129308992585 ], [ 74.205206646328364, 21.926023644312334 ], [ 74.181618874937968, 21.929334596408061 ], [ 74.165676176030686, 21.945885017036364 ], [ 74.142019234946048, 21.955450105302191 ], [ 74.148433990853007, 21.988261734927818 ], [ 74.097014346633969, 21.999263224726743 ], [ 74.09454360177736, 22.01881465239326 ], [ 74.140113887089754, 22.040629358797784 ], [ 74.13139970321464, 22.048089293719993 ], [ 74.159991782100064, 22.058978388857891 ], [ 74.164495542687689, 22.082973324488407 ], [ 74.178593165629906, 22.085567105485904 ], [ 74.169247984305784, 22.100582504185688 ], [ 74.152560225586512, 22.106004019197314 ], [ 74.124604348255502, 22.097982181799267 ], [ 74.128948444798752, 22.120922194547838 ], [ 74.122823343503057, 22.13574105538089 ], [ 74.133986125482181, 22.160579935950118 ], [ 74.121400040957013, 22.167499974908605 ], [ 74.122450305873599, 22.212442841723501 ], [ 74.106229900609009, 22.22025671260765 ], [ 74.072200704815018, 22.219109225134517 ], [ 74.069308218319762, 22.232683654018345 ], [ 74.087172516162624, 22.24284064542119 ], [ 74.075028645260332, 22.247556916984305 ], [ 74.074471590689853, 22.265645701973096 ], [ 74.058795239345599, 22.274618183530137 ], [ 74.052377377976939, 22.294093554108478 ], [ 74.071964167659942, 22.336879115073348 ], [ 74.064884111811139, 22.354535740354642 ], [ 74.10526041651876, 22.371754171232851 ], [ 74.114023733799229, 22.35729109559983 ], [ 74.125497288749443, 22.356156156831869 ], [ 74.128022294205607, 22.33306026701641 ], [ 74.190147972485605, 22.320255918565451 ], [ 74.19212544909702, 22.346595158823071 ], [ 74.202620115164962, 22.348640996996039 ], [ 74.203833173378072, 22.366530508462159 ], [ 74.224141357042114, 22.356514922679906 ], [ 74.223706621196712, 22.379937401924408 ], [ 74.243297757564847, 22.376094173098664 ], [ 74.256671839304829, 22.399540960658587 ], [ 74.29102059469578, 22.393948532510169 ], [ 74.267523501964021, 22.405517028262768 ], [ 74.270242027478105, 22.413188830393906 ], [ 74.25572491200252, 22.428984452391834 ], [ 74.247602696347627, 22.414809761254471 ], [ 74.237714523735448, 22.422081617187001 ], [ 74.243977093415324, 22.433911955019237 ], [ 74.215209185546442, 22.441400633590021 ], [ 74.213373296762967, 22.431515054294593 ], [ 74.201619235423863, 22.434516335602456 ], [ 74.202910661089362, 22.467812009130142 ], [ 74.190599345175599, 22.475935232141552 ], [ 74.179795530697263, 22.462621602598759 ], [ 74.184036727703997, 22.441572759665004 ], [ 74.160444470654738, 22.431216216278742 ], [ 74.149379624114687, 22.455702743359577 ], [ 74.13409736527926, 22.446015235630281 ], [ 74.1254084718001, 22.417314418850662 ], [ 74.119407968852812, 22.418875344183075 ], [ 74.098569798091859, 22.442174967159648 ], [ 74.104349907727467, 22.464691122579634 ], [ 74.07486930784944, 22.466272645674987 ], [ 74.076584676147348, 22.483691695725749 ], [ 74.087249769609485, 22.479411462658426 ], [ 74.08272395778728, 22.506628522855561 ], [ 74.053220701535039, 22.508661979639509 ], [ 74.040825041261471, 22.486630401673484 ], [ 74.029772460779085, 22.507797956980873 ], [ 74.038798576108519, 22.51564997657848 ], [ 74.041134428478699, 22.541796881249763 ], [ 74.056664232677377, 22.550101025215241 ], [ 74.074631154413254, 22.551407866668736 ], [ 74.101358205042501, 22.534301108300276 ], [ 74.111840346384696, 22.539671715027428 ], [ 74.133094362938962, 22.520250944067598 ], [ 74.151118713573695, 22.521422982749606 ], [ 74.150365569968059, 22.528966358869567 ], [ 74.170712364398014, 22.547285982856806 ], [ 74.189413790603368, 22.553704136104646 ], [ 74.183344579806047, 22.566774343946939 ], [ 74.210117563072387, 22.564591654469403 ], [ 74.231295044230421, 22.611719653311575 ], [ 74.253315592485777, 22.621509632565996 ], [ 74.253251213292245, 22.634249877874403 ], [ 74.263629292037947, 22.64409261588435 ], [ 74.315393983763229, 22.634006699881869 ], [ 74.329268511153913, 22.642120174463276 ], [ 74.379031208757553, 22.634643735314686 ], [ 74.401751328442344, 22.731588557474328 ], [ 74.435172777809768, 22.782339246266702 ], [ 74.433744460108699, 22.807978383621332 ], [ 74.464730176767048, 22.816436062438875 ], [ 74.476532712664223, 22.85550955008376 ], [ 74.460544662399016, 22.908007519062277 ], [ 74.44690420407774, 22.921329069261503 ], [ 74.433709605135149, 22.912564943829825 ], [ 74.433235452237099, 22.918191460171307 ], [ 74.418330407510638, 22.917366596717748 ], [ 74.410551392401771, 22.912018781984916 ], [ 74.413563799520205, 22.906300788207012 ], [ 74.393205233494356, 22.89684824869758 ], [ 74.339486340307403, 22.95289638454005 ], [ 74.339346167670087, 22.96472346096019 ], [ 74.364979050347358, 22.978816514522137 ], [ 74.345581544648311, 23.027046242451636 ], [ 74.322111579960136, 23.041069957494823 ], [ 74.318863623982651, 23.058830086508603 ], [ 74.341504683947164, 23.067925797705211 ], [ 74.386009712149644, 23.111513145720597 ], [ 74.432214201270497, 23.105038982195744 ], [ 74.440922480177761, 23.090786231965286 ], [ 74.464104239706074, 23.081812904676518 ], [ 74.505734328128128, 23.085189581304341 ], [ 74.510598441985266, 23.094731125362234 ], [ 74.544781776967909, 23.109091965847085 ], [ 74.539381931320264, 23.129375394056797 ], [ 74.606598561114694, 23.142714389769566 ], [ 74.671385796523651, 23.200128049822645 ], [ 74.71493979108871, 23.190775699071256 ], [ 74.741508379014519, 23.208423379545234 ], [ 74.740407386583144, 23.217701343484173 ], [ 74.748627510498324, 23.223562189142836 ], [ 74.747437483610852, 23.226609774076245 ], [ 74.726402379944304, 23.215063974011422 ], [ 74.691892105182689, 23.219169671775923 ], [ 74.69139283487209, 23.225710272320143 ], [ 74.71507598381622, 23.236794233109137 ], [ 74.712971174059632, 23.250497995386741 ], [ 74.698348337814494, 23.257460677284648 ], [ 74.700664173241123, 23.265789055420282 ], [ 74.680111357735868, 23.270838910019727 ], [ 74.638839496288369, 23.255486553545893 ], [ 74.626916206286538, 23.258817805363702 ], [ 74.624840645479622, 23.2737369595148 ], [ 74.616072795858059, 23.279567754399483 ], [ 74.585108720238054, 23.276977091277764 ], [ 74.574355708489151, 23.295211268844803 ], [ 74.562987302121925, 23.278661774023305 ], [ 74.546644729995762, 23.27710568835127 ], [ 74.527828705164225, 23.310881324295313 ], [ 74.52986611568852, 23.320751114863334 ], [ 74.515045523466753, 23.315810367975786 ], [ 74.514125645275385, 23.328311080369556 ], [ 74.539681566809577, 23.334822883511869 ], [ 74.539789258817564, 23.361959560240159 ], [ 74.557647663503928, 23.362641202710215 ], [ 74.568832016568436, 23.376317338614463 ], [ 74.572360614683262, 23.420677723462486 ], [ 74.599145780106227, 23.428909674204625 ], [ 74.610051739462847, 23.451819370670648 ], [ 74.604751905362903, 23.458013637799898 ], [ 74.632297766024337, 23.461701668028745 ], [ 74.633078591436302, 23.469858265578807 ], [ 74.651900968537163, 23.462500960671793 ], [ 74.665900939644018, 23.482853655346645 ], [ 74.678698262763135, 23.483491563364662 ], [ 74.680230523883353, 23.494986088578749 ], [ 74.700875054250844, 23.504291857790619 ], [ 74.718395512151901, 23.503842219882642 ], [ 74.727207049117439, 23.495446900213011 ], [ 74.736020946695845, 23.511059901744407 ], [ 74.733366434865673, 23.521736413496612 ], [ 74.761717236850416, 23.521297366938292 ], [ 74.772747928211757, 23.544014245422527 ], [ 74.794074354449904, 23.55096938693702 ], [ 74.80291857795882, 23.532537725340557 ], [ 74.829230694189704, 23.550639505593903 ], [ 74.847256573489673, 23.552169168744719 ], [ 74.85340395379508, 23.570715882965871 ], [ 74.873247092678696, 23.57710433894578 ], [ 74.869962573866857, 23.591967406962407 ], [ 74.903299114294157, 23.625194942533295 ], [ 74.914876918587154, 23.618156853658466 ], [ 74.936480855277196, 23.628672878578328 ], [ 74.921727704066882, 23.666494131048005 ], [ 74.899650568408745, 23.682305197305386 ], [ 74.921436559925894, 23.69481319421967 ], [ 74.920163732491176, 23.719321706957835 ], [ 74.936253269945482, 23.72964895952623 ], [ 74.924386650758578, 23.756354195994426 ], [ 74.940372547792222, 23.76473118528067 ], [ 74.924285878167282, 23.796616183395162 ], [ 74.903665623628015, 23.79436133054779 ], [ 74.913760455877622, 23.842510703447772 ], [ 74.903643876862944, 23.852732509680646 ], [ 74.90247403869769, 23.87321733295687 ], [ 74.92074053275222, 23.919406926607461 ], [ 74.916047587403924, 23.93098404481637 ], [ 74.928023854731563, 23.939278565650561 ], [ 74.931084280758355, 23.95756040379009 ], [ 74.958884111631164, 23.972022173241086 ], [ 74.965336828471393, 24.006744657573456 ], [ 74.982250422448772, 24.026050815977388 ], [ 74.973965058021335, 24.03977461219387 ], [ 74.960635884121231, 24.039246524117349 ], [ 74.960129149070156, 24.046009963141184 ], [ 74.939284945057437, 24.053879509916133 ], [ 74.940396935683211, 24.069870150118803 ], [ 74.920692412102525, 24.077688432733389 ], [ 74.917956985853252, 24.097893916001595 ], [ 74.903346019333398, 24.109312800189752 ], [ 74.908043754732773, 24.121106701370955 ], [ 74.901073168814833, 24.125888183076416 ], [ 74.895950461763462, 24.157758311431223 ], [ 74.879517991354135, 24.173713159942054 ], [ 74.907840941997506, 24.203370852667945 ], [ 74.896823128825162, 24.227176390904116 ], [ 74.867702498160696, 24.243078257709257 ], [ 74.850298446556337, 24.236507129089329 ], [ 74.811257388801451, 24.244274073941671 ], [ 74.774799697565811, 24.23870646765592 ], [ 74.754297288379703, 24.242164827480096 ], [ 74.747071039012908, 24.253508861783153 ], [ 74.781291274165582, 24.289165156072716 ], [ 74.780887235320236, 24.338559138225641 ], [ 74.801866023530991, 24.35881263926434 ], [ 74.80723121449951, 24.38082655799262 ], [ 74.821432749516134, 24.379515357867994 ], [ 74.825218116726859, 24.400068693687697 ], [ 74.855147074391752, 24.424325139320672 ], [ 74.854204085493194, 24.444559879357911 ], [ 74.813751070824836, 24.43679168275666 ], [ 74.822041702928217, 24.453179860142615 ], [ 74.815087550999863, 24.46869937568815 ], [ 74.786988821344295, 24.47215921608829 ], [ 74.776680601993391, 24.460360210229432 ], [ 74.744416331843937, 24.468590142048928 ], [ 74.727434740828897, 24.488826407757777 ], [ 74.70870180410067, 24.486473891233512 ], [ 74.716636220359561, 24.506757850378282 ], [ 74.744628079390353, 24.513477170987404 ], [ 74.744196290565981, 24.532312188564646 ], [ 74.755752018235682, 24.534638825539218 ], [ 74.743555423489738, 24.571531419913782 ], [ 74.786494613784441, 24.585876717684638 ], [ 74.779664749492468, 24.615495238477784 ], [ 74.81362036990167, 24.649601270768176 ], [ 74.814224175708546, 24.665977234448714 ], [ 74.790295570903353, 24.665093812197295 ], [ 74.783516462985077, 24.657538329263186 ], [ 74.771742637204909, 24.661508049244762 ], [ 74.787213904571033, 24.70379098024209 ], [ 74.779295210731092, 24.731201135468172 ], [ 74.804019847279804, 24.735247878005982 ], [ 74.799878574434828, 24.779202811802225 ], [ 74.809011760520633, 24.780708393173295 ], [ 74.836199279823106, 24.70647638291581 ], [ 74.860067657223766, 24.683302253565362 ], [ 74.872908304546797, 24.646576617853206 ], [ 74.888817104527192, 24.633687402089389 ], [ 74.894481388150822, 24.644274892793426 ], [ 74.901622019670413, 24.632983401795617 ], [ 74.905170637786043, 24.641139595446301 ], [ 74.943203985904134, 24.637838648781759 ], [ 74.942144621108113, 24.647460689652185 ], [ 74.950938649682854, 24.647629861772106 ], [ 74.957752034477636, 24.661550629931838 ], [ 74.96135318244697, 24.656497614826687 ], [ 74.960051775124697, 24.678760000763269 ], [ 75.001607806122692, 24.686369246125906 ], [ 74.992270160361485, 24.693415237653124 ], [ 74.992352351039315, 24.731694361322067 ], [ 75.016190812234001, 24.731955387209364 ], [ 75.000944800881754, 24.774695358373844 ], [ 74.981505851932852, 24.763662676312457 ], [ 74.935173007173461, 24.778398012338538 ], [ 74.914599980008447, 24.769082092102163 ], [ 74.906972748487874, 24.781620429862773 ], [ 74.880091566941616, 24.790181167376524 ], [ 74.879821953474817, 24.797371682465336 ], [ 74.860883312689793, 24.798605505159358 ], [ 74.860968549618562, 24.779072086386698 ], [ 74.849301812873151, 24.775984167440381 ], [ 74.838024553220365, 24.797359548608775 ], [ 74.861014764684995, 24.804593059600236 ], [ 74.859125339370422, 24.838459165175639 ], [ 74.840652022521709, 24.885245223678435 ], [ 74.831379015756966, 24.88630289355218 ], [ 74.825888173584204, 24.899391104099486 ], [ 74.83362265948324, 24.959670327072629 ], [ 74.843197464373603, 24.968939239309105 ], [ 74.859152432935488, 24.962736953136453 ], [ 74.869782398395785, 24.92492202578833 ], [ 74.881889878701898, 24.937407459291443 ], [ 74.902823722201262, 24.929922211877606 ], [ 74.916378197951559, 24.907132808496183 ], [ 74.910570236336554, 24.894004861709522 ], [ 74.916530113479411, 24.886096449031733 ], [ 74.932006036035602, 24.875413775859872 ], [ 74.932457096647013, 24.881233567949373 ], [ 74.95314724520199, 24.880572489303358 ], [ 74.948239481727285, 24.864642850076439 ], [ 74.958515640800471, 24.858138382786017 ], [ 75.008651868937477, 24.85650346516616 ], [ 75.034020789282692, 24.844652351001358 ], [ 75.051820524712781, 24.853221692121149 ], [ 75.059902229358798, 24.863605630502949 ], [ 75.055243845241776, 24.87181094722261 ], [ 75.065730456340944, 24.868205900283549 ], [ 75.076638472062754, 24.8806723986647 ], [ 75.087875481309581, 24.879239289665492 ], [ 75.087422356209785, 24.870880050788649 ], [ 75.116776830467231, 24.877946574064204 ], [ 75.113645469520563, 24.966826201926875 ], [ 75.129588308471625, 24.969314390137978 ], [ 75.141468329590381, 24.978355236655851 ], [ 75.132171470001424, 24.983612416127237 ], [ 75.166392570058164, 25.002898236804491 ], [ 75.161730502998509, 25.018209931366268 ], [ 75.1522623886611, 25.02085965983763 ], [ 75.165796607105989, 25.04761904534686 ], [ 75.198218829402435, 25.033089440000399 ], [ 75.205665667527384, 25.038987624459146 ], [ 75.225895399285434, 25.033635699043547 ], [ 75.267551049993429, 25.042589168652039 ], [ 75.334318908911413, 25.04110869360861 ], [ 75.34993770155728, 25.033590338888104 ], [ 75.344523700935099, 25.029577238644595 ], [ 75.351357082115584, 25.019590380490506 ], [ 75.321102566601198, 25.010596620480747 ], [ 75.311897136195455, 24.995849259064023 ], [ 75.31405867543225, 24.979080095108738 ], [ 75.336964571010625, 24.95547000958237 ], [ 75.318373493041221, 24.894053745981314 ], [ 75.314310079364532, 24.885951767320432 ], [ 75.312713938885466, 24.88513780864649 ], [ 75.304991596800164, 24.928491751838198 ], [ 75.281870545115652, 24.953155723878201 ], [ 75.285179782793037, 24.965732820995253 ], [ 75.261037111052715, 24.963455880047107 ], [ 75.257812424058287, 24.953254214554093 ], [ 75.266600758429533, 24.950809105663286 ], [ 75.279443396055569, 24.934511095293853 ], [ 75.277311739757451, 24.924960989619791 ], [ 75.287838258738702, 24.923589013357745 ], [ 75.294266194273803, 24.908962089272546 ], [ 75.266938006359766, 24.899018513570599 ], [ 75.263411704900463, 24.874856173133992 ], [ 75.309230684738509, 24.856005828665126 ], [ 75.326616952990904, 24.874807991398267 ], [ 75.373609767142057, 24.867743693177871 ], [ 75.420362032151161, 24.886284524568911 ], [ 75.425456522453075, 24.868298532828408 ], [ 75.404892823045017, 24.845695669622167 ], [ 75.328659011280308, 24.819020049944129 ], [ 75.311036663321971, 24.80098778873127 ], [ 75.297816559313304, 24.807107908033245 ], [ 75.290550593409861, 24.833415355273889 ], [ 75.27837988618171, 24.840074238909292 ], [ 75.224322339495771, 24.843930862328207 ], [ 75.225261386686427, 24.834182273889045 ], [ 75.249075767014915, 24.830066736240585 ], [ 75.252339061447699, 24.813099097561004 ], [ 75.244051858452664, 24.804692247553433 ], [ 75.21561359282066, 24.80252685718731 ], [ 75.201689625300048, 24.771340137947504 ], [ 75.192797437523041, 24.773681129710283 ], [ 75.184415596030533, 24.74844659038472 ], [ 75.197527153057138, 24.743304878531543 ], [ 75.219493728976985, 24.702621057609289 ], [ 75.22829241115295, 24.717584189541036 ], [ 75.264744006695182, 24.717572080038671 ], [ 75.455419106248513, 24.680701832711652 ], [ 75.489905771181597, 24.687050099291568 ], [ 75.533870939378517, 24.712322900382937 ], [ 75.549743444471972, 24.702990799171403 ], [ 75.582985660673955, 24.713291016901913 ], [ 75.610819306322355, 24.681030618079042 ], [ 75.646018744654896, 24.685177028245892 ], [ 75.683232887141372, 24.724196349554358 ], [ 75.75688017870354, 24.761566383614184 ], [ 75.802147668789203, 24.756463091408985 ], [ 75.833877311953742, 24.731483033328374 ], [ 75.838102136146134, 24.718122636800508 ], [ 75.825160442351404, 24.667590451648607 ], [ 75.848228387175141, 24.663224709956339 ], [ 75.849043793758412, 24.647559282465199 ], [ 75.841304395738803, 24.63798795950613 ], [ 75.845009184009854, 24.627153895536075 ], [ 75.825147274773158, 24.613038643733052 ], [ 75.836723952631075, 24.606147197387209 ], [ 75.835442797997018, 24.594948447952806 ], [ 75.849220157872807, 24.610874266437609 ], [ 75.871519821264101, 24.60653005611012 ], [ 75.878581204344385, 24.583417703030474 ], [ 75.914589641596706, 24.572348530857798 ], [ 75.903850230769208, 24.548467824053173 ], [ 75.923334462360529, 24.535083978941341 ], [ 75.920612816103286, 24.521476932107323 ], [ 75.907933576623691, 24.512687758576551 ], [ 75.890692210052507, 24.51861864357333 ], [ 75.888065538801129, 24.507833345012898 ], [ 75.903122245170763, 24.504463594491575 ], [ 75.911595829041687, 24.491819057955304 ], [ 75.909126741941407, 24.455129081213776 ], [ 75.875175523474923, 24.426471342570629 ], [ 75.838816419602054, 24.414210031063732 ], [ 75.809761280800217, 24.433983329949324 ], [ 75.813781509929967, 24.461850488031889 ], [ 75.789369186163725, 24.471601162388161 ], [ 75.785656396654161, 24.452881087505943 ], [ 75.74754915171242, 24.424270522235791 ], [ 75.755850304629803, 24.420579863539313 ], [ 75.755290397015045, 24.40661785644842 ], [ 75.73147446669455, 24.398701731233128 ], [ 75.72775111206964, 24.390515631430485 ], [ 75.729462605194726, 24.377781997231001 ], [ 75.737867848144774, 24.382337793303034 ], [ 75.74004209893522, 24.376959805581567 ], [ 75.73983823191945, 24.332147859107909 ], [ 75.755897087725415, 24.321248238360937 ], [ 75.766421402642308, 24.298125989380377 ], [ 75.801939382865598, 24.302467036178086 ], [ 75.810797591441755, 24.295888269671043 ], [ 75.818337698580848, 24.280564499792344 ], [ 75.811693359578882, 24.275146570657718 ], [ 75.811583750845941, 24.25783396012546 ], [ 75.819180725232414, 24.256925722162759 ], [ 75.814407616506742, 24.244358303177783 ], [ 75.83019055900165, 24.233574061104683 ], [ 75.80940339445236, 24.229494193031083 ], [ 75.807603035617035, 24.217916018535615 ], [ 75.792604570676431, 24.210064911640167 ], [ 75.776438957375007, 24.208386114858612 ], [ 75.773992205081584, 24.180789798748407 ], [ 75.763850188636752, 24.174500957131968 ], [ 75.751020158863327, 24.143571195326338 ], [ 75.770332848264786, 24.115452407931983 ], [ 75.782616389835852, 24.115942801264886 ], [ 75.792923755292648, 24.091891063186758 ], [ 75.805634509859516, 24.099569473737269 ], [ 75.816754269799461, 24.085534112190476 ], [ 75.834936178858271, 24.091769842490955 ], [ 75.836758208144573, 24.057017482302914 ], [ 75.782835678257669, 24.04334032467629 ], [ 75.783054917071738, 24.021808573261101 ], [ 75.77344443931689, 24.007668238721131 ], [ 75.762661765911346, 24.009897901632051 ], [ 75.765373259027214, 23.992719995952751 ], [ 75.74228087211587, 23.992713714539505 ], [ 75.741163009524357, 23.976970221070474 ], [ 75.717507442303869, 23.966926040866827 ], [ 75.701726571527644, 23.966705460786379 ], [ 75.698755798876164, 23.987985683607906 ], [ 75.686944159376154, 23.988857027493687 ], [ 75.687705212410592, 24.005381176704272 ], [ 75.670737074316335, 24.018080013755711 ], [ 75.640020934105081, 23.998083003242808 ], [ 75.595912182624815, 23.99010590278036 ], [ 75.575679701519931, 23.994190717050156 ], [ 75.567396648159857, 24.006773810927424 ], [ 75.53939882665793, 24.009004393755131 ], [ 75.521096557227949, 24.024598581722625 ], [ 75.473799094309399, 23.981909512928642 ], [ 75.46014421632546, 23.932364915557685 ], [ 75.46219414510243, 23.914620047231537 ], [ 75.491492652126141, 23.906983911399383 ], [ 75.505062907762479, 23.887832558739444 ], [ 75.522884937958267, 23.884155079155089 ], [ 75.564315289517324, 23.856481292810241 ], [ 75.566121714181222, 23.844115861242294 ], [ 75.579477435062429, 23.83490434056348 ], [ 75.574751244969164, 23.828581956649987 ], [ 75.561522422779632, 23.832201551553645 ], [ 75.559208828682245, 23.818514818897281 ], [ 75.566336438196714, 23.809556798664687 ], [ 75.589040165561372, 23.809681467894208 ], [ 75.583528618532526, 23.794808272940092 ], [ 75.654297023263936, 23.798341606523671 ], [ 75.659753332458379, 23.784342439330409 ], [ 75.675453506651579, 23.781961331766823 ], [ 75.686904758319955, 23.755384371332987 ], [ 75.701801323506359, 23.78630277681437 ], [ 75.690135452647553, 23.813446344109959 ], [ 75.721538292416014, 23.811884719163608 ], [ 75.726460235598125, 23.820540706183415 ], [ 75.719210175302095, 23.841230972672189 ], [ 75.736451665911517, 23.856479667924511 ], [ 75.735191730704884, 23.862220492740423 ], [ 75.710960859270074, 23.862503015865798 ], [ 75.701683339026076, 23.872868388155766 ], [ 75.706007695791669, 23.899317533814351 ], [ 75.715749562888902, 23.893467791543838 ], [ 75.735280696392664, 23.898549962624816 ], [ 75.740035882811725, 23.889487139616232 ], [ 75.752777701731105, 23.887238294863518 ], [ 75.764620994180987, 23.875323150934435 ], [ 75.765570820816649, 23.85069638148186 ], [ 75.781741332244664, 23.84881131279624 ], [ 75.793735411408278, 23.866967410541417 ], [ 75.818067773148428, 23.868110247472828 ], [ 75.832952529010598, 23.879964810978667 ], [ 75.840880087809182, 23.874698932163341 ], [ 75.853098043695809, 23.887534318690228 ], [ 75.870484144093396, 23.89041096158395 ], [ 75.886179856860025, 23.879040023977264 ], [ 75.894916863378725, 23.88938525370126 ], [ 75.937538197850031, 23.896780990263938 ], [ 75.95529542975035, 23.920837886288194 ], [ 75.981343613320206, 23.928964762208835 ], [ 75.987362509014673, 23.940979000545255 ], [ 75.984856239568472, 23.973769760024602 ], [ 75.967273408170158, 23.991277997309776 ], [ 75.96343573286704, 24.018702200096087 ], [ 75.978275453766045, 24.026516433735605 ], [ 76.007018271071146, 24.02325895494149 ], [ 76.042055167791034, 24.065946017365999 ], [ 76.072752147169709, 24.076658930901797 ], [ 76.075960578715922, 24.070910952333236 ], [ 76.100505598516349, 24.087023264302719 ], [ 76.127063045510354, 24.088065578201252 ], [ 76.120476620748676, 24.108199592899627 ], [ 76.131025289816876, 24.116781306397311 ], [ 76.122342796452742, 24.137819172978478 ], [ 76.124410404144967, 24.159178834619436 ], [ 76.113642836632422, 24.163807623602349 ], [ 76.117425133730137, 24.194182515961668 ], [ 76.148261938699235, 24.231616593670907 ], [ 76.136694666576687, 24.270883230662484 ], [ 76.14321318297317, 24.28301722136499 ], [ 76.162428923794508, 24.284681269919474 ], [ 76.164653125844254, 24.307019722360643 ], [ 76.174196229354038, 24.307390622519943 ], [ 76.185448341765877, 24.329308814360335 ], [ 76.204676121447704, 24.30102559006075 ], [ 76.194571980346055, 24.273189432749245 ], [ 76.202126283442922, 24.268826753930327 ], [ 76.20318887291576, 24.220583548175316 ], [ 76.212470709736749, 24.209732566354212 ], [ 76.239927588811085, 24.2188816795009 ], [ 76.281193464753912, 24.206826158477174 ], [ 76.287323155126089, 24.229957234494051 ], [ 76.32169822060672, 24.245436344715781 ], [ 76.357422262035797, 24.239784151563516 ], [ 76.401836014699242, 24.215492792671174 ], [ 76.412564405345179, 24.200288734288613 ], [ 76.420709922483297, 24.208587036629684 ], [ 76.416241432355619, 24.220568833710058 ], [ 76.430419886235882, 24.221359786101893 ], [ 76.452168319246354, 24.209178334654283 ], [ 76.470534386845543, 24.225985786221049 ], [ 76.480563538422359, 24.20795989902318 ], [ 76.50482052548557, 24.203139404035419 ], [ 76.513479283805239, 24.165565153007719 ], [ 76.527628117396119, 24.157046727697068 ], [ 76.576780065079902, 24.177829139218854 ], [ 76.564115487511813, 24.19120481477929 ], [ 76.570352534362442, 24.209204636880212 ], [ 76.59498200233638, 24.222921180691426 ], [ 76.584753541084751, 24.243779128717112 ], [ 76.6111875027689, 24.23837278325216 ], [ 76.61642942036373, 24.257852488925003 ], [ 76.633631831542417, 24.257731092969681 ], [ 76.643418259112821, 24.26937880395722 ], [ 76.666509562539858, 24.262407796064839 ], [ 76.695426097113369, 24.284312623963523 ], [ 76.702196964187337, 24.24143058717663 ], [ 76.690074846853094, 24.229962600574432 ], [ 76.67596684907268, 24.190925863032415 ], [ 76.698841313249432, 24.168409632698388 ], [ 76.719300035415102, 24.15892300063279 ], [ 76.726146549112812, 24.168469079353788 ], [ 76.756339059572213, 24.169112187206672 ], [ 76.801964976463381, 24.116575639059832 ], [ 76.833340175546894, 24.122198741758414 ], [ 76.855499238700958, 24.135808596162885 ], [ 76.900680710955072, 24.127242799697743 ], [ 76.916098865057378, 24.187705746719448 ], [ 76.935533033206454, 24.183927775874658 ], [ 76.947132370981961, 24.201042550652524 ], [ 76.922425948689877, 24.211600507542538 ], [ 76.922701556475161, 24.225378387699912 ], [ 76.912331529456267, 24.237866500668659 ], [ 76.888879541225805, 24.244792760486632 ], [ 76.863039058003508, 24.273143996221517 ], [ 76.85654823649071, 24.304468309767277 ], [ 76.841486091779529, 24.322541171573572 ], [ 76.832406701016239, 24.358098006912069 ], [ 76.851764167913672, 24.370747759284924 ], [ 76.83750333709483, 24.408553865681437 ], [ 76.850413648517545, 24.423412337179293 ], [ 76.840892302827044, 24.442495392861048 ], [ 76.85183729119062, 24.450379700786083 ], [ 76.853241555152294, 24.466970100135235 ], [ 76.816385677808483, 24.53356922762843 ], [ 76.862978703632805, 24.549577676828704 ], [ 76.876713633783794, 24.5390504476443 ], [ 76.872731449347768, 24.527765238549801 ], [ 76.884124254653017, 24.521544529551644 ], [ 76.901717107148812, 24.545859234240936 ], [ 76.917531945470799, 24.543417972012016 ], [ 76.918434865456632, 24.480718135177632 ], [ 76.95093468219082, 24.461791339563426 ], [ 76.977692539425746, 24.461311173552883 ], [ 76.98346394100308, 24.472812895440509 ], [ 77.008843751522235, 24.476894262389379 ], [ 77.011621788258466, 24.492199137198536 ], [ 77.029125237695183, 24.496285304317961 ], [ 77.036004444997218, 24.527228107296963 ], [ 77.054718873767072, 24.526509844255866 ], [ 77.071317740344909, 24.572453846962368 ], [ 77.065101458354405, 24.643844429096294 ], [ 77.030656840034439, 24.712224589565139 ], [ 76.998846381963148, 24.717865468577546 ], [ 76.996410252025669, 24.732161105562753 ], [ 76.974124929730081, 24.736107553993108 ], [ 76.963526986130759, 24.756540631339586 ], [ 76.954379344401787, 24.759511834884659 ], [ 76.906971446369624, 24.731502898963356 ], [ 76.890567300434725, 24.746895792773305 ], [ 76.856120819505193, 24.742486217450342 ], [ 76.846362634740586, 24.770004545438624 ], [ 76.802607027336407, 24.809306035840109 ], [ 76.799957006369283, 24.824697100257055 ], [ 76.824365702337445, 24.836222238318491 ], [ 76.897734068274929, 24.838613503384128 ], [ 76.929554633349653, 24.848272098106005 ], [ 76.949502161572838, 24.869340459302656 ], [ 76.91245055069011, 24.888242551580344 ], [ 76.920117510810286, 24.91658854365577 ], [ 76.89020249385959, 24.919448710566744 ], [ 76.88953454358591, 24.933836919977715 ], [ 76.861923302339349, 24.961381351080174 ], [ 76.867857091926311, 24.983530441827121 ], [ 76.856856672532487, 25.002483194427334 ], [ 76.875228637790244, 25.007382738641347 ], [ 76.876280165389844, 25.04152235715501 ], [ 76.945507304485204, 25.046777721041014 ], [ 76.961929034568385, 25.05628442059254 ], [ 76.967884836059866, 25.050800551660277 ], [ 76.974950937670968, 25.066486282175678 ], [ 77.000183627050205, 25.074853779411999 ], [ 77.085300691859175, 25.055113321401905 ], [ 77.095536116537104, 25.065537200150892 ], [ 77.122730699952072, 25.066909786909594 ], [ 77.148092395047968, 25.095321662704393 ], [ 77.149681211773824, 25.086661665706821 ], [ 77.166907857054298, 25.08489845287313 ], [ 77.174575649503836, 25.111734945699993 ], [ 77.238672863753635, 25.106871567172636 ], [ 77.269505943828293, 25.116036639401148 ], [ 77.288734847996679, 25.106388164834986 ], [ 77.29825023109791, 25.086451731942184 ], [ 77.31128641798135, 25.079667194162578 ], [ 77.340898029841057, 25.095718682029599 ], [ 77.357600149126299, 25.093680959745186 ], [ 77.393075271367536, 25.119414982953778 ], [ 77.406576777526411, 25.111713122910327 ], [ 77.39070101319696, 25.123099538202855 ], [ 77.393243400261156, 25.15957173751578 ], [ 77.400239834010279, 25.183784585924396 ], [ 77.426533592841892, 25.187981931392063 ], [ 77.411498669123461, 25.223946713149861 ], [ 77.394195736661118, 25.229829056115886 ], [ 77.382263497632223, 25.245654077891491 ], [ 77.370962600479032, 25.245947783237842 ], [ 77.366322704342721, 25.260046853946562 ], [ 77.355272858625995, 25.263427797428346 ], [ 77.354288371008778, 25.273395938362214 ], [ 77.37404811065646, 25.274594870798321 ], [ 77.381009439095052, 25.292471944644728 ], [ 77.376329819780835, 25.318169634526409 ], [ 77.36742548022022, 25.328599783824934 ], [ 77.342150215640018, 25.32175854192441 ], [ 77.3666816805069, 25.360622031088337 ], [ 77.351513792282304, 25.37015357771827 ], [ 77.350925982187462, 25.385283206423491 ], [ 77.370916843894562, 25.408389232365668 ], [ 77.360258159791073, 25.419180418746073 ], [ 77.349142438453484, 25.416247134099859 ], [ 77.31421027640738, 25.431400436530158 ], [ 77.291234034729399, 25.422744331398412 ], [ 77.248769986990382, 25.380743898293879 ], [ 77.234182644057057, 25.378836774861078 ], [ 77.224315738152228, 25.335383439114075 ], [ 77.234404360599058, 25.33367454144993 ], [ 77.22320137856444, 25.318787074235111 ], [ 77.215004917389834, 25.319797937688094 ], [ 77.217364336428034, 25.329585890618237 ], [ 77.205561776035836, 25.326434078598304 ], [ 77.209169594730938, 25.306184711494993 ], [ 77.163656767667661, 25.308601568812019 ], [ 77.125039975496406, 25.330590147285275 ], [ 77.083515591446158, 25.336738768950759 ], [ 77.070015853904465, 25.318773565838921 ], [ 77.045660765688481, 25.319391654575746 ], [ 77.03143032675581, 25.294565517103806 ], [ 76.97361329426613, 25.300348672246376 ], [ 76.959903534748747, 25.29680700748883 ], [ 76.957784822249067, 25.28435622707682 ], [ 76.943049812059513, 25.282173914036548 ], [ 76.923286123634114, 25.285452506703706 ], [ 76.92934781962262, 25.302980428212173 ], [ 76.899086401143819, 25.324216944925034 ], [ 76.857207977180678, 25.332741431428122 ], [ 76.777692526955448, 25.315496161043356 ], [ 76.729312697018898, 25.328571966858732 ], [ 76.700572023601936, 25.351504551307848 ], [ 76.669893831208086, 25.3488591679885 ], [ 76.64033600656866, 25.383394625596637 ], [ 76.623343735935435, 25.376787942576399 ], [ 76.598495851812359, 25.392348017906013 ], [ 76.587622230083753, 25.431831305791626 ], [ 76.555819238785787, 25.452592697962448 ], [ 76.555400883161454, 25.48304231716379 ], [ 76.516356125105474, 25.52760764166457 ], [ 76.520040508753326, 25.547359858553722 ], [ 76.505553641969243, 25.5795918512983 ], [ 76.513776330812192, 25.602863171313139 ], [ 76.510870281811123, 25.628360013687793 ], [ 76.496893627406365, 25.642683590418073 ], [ 76.504105962900937, 25.670887439078882 ], [ 76.479156086972665, 25.684481553090809 ], [ 76.473103826168042, 25.709226568514662 ], [ 76.500527243411142, 25.728111925685482 ], [ 76.522176287495682, 25.72837334730319 ], [ 76.515381716323276, 25.775834918667996 ], [ 76.52070430414291, 25.792533012565865 ], [ 76.582247786050132, 25.870243699263405 ], [ 76.591418148806639, 25.875508886879 ], [ 76.621445345076282, 25.869281062850959 ], [ 76.631761859616333, 25.89998212157597 ], [ 76.641886869011302, 25.907972247325713 ], [ 76.672451698280895, 25.910078031622639 ], [ 76.715718558327325, 25.90072369037145 ], [ 76.757889859748047, 25.922304690207373 ], [ 76.748712720676579, 25.940953366110115 ], [ 76.790963881063917, 25.943156299348207 ], [ 76.808216842200622, 25.966761201036732 ], [ 76.802186612955154, 25.976009299449839 ], [ 76.807105017353834, 25.989960390250047 ], [ 76.839950546560175, 26.026110635810845 ], [ 76.866858753254533, 26.032972844051329 ], [ 76.885335738521576, 26.047982938398906 ], [ 76.901144110826181, 26.093195610259368 ], [ 76.94812883785076, 26.102870020049508 ], [ 76.977669696235964, 26.125038257828855 ], [ 76.998909925603527, 26.13006001581109 ], [ 77.00643456926646, 26.151192530386272 ], [ 77.031421279481833, 26.172503545582327 ], [ 77.098363556808764, 26.184295798834352 ], [ 77.116308801900487, 26.220332106804296 ], [ 77.135098060670671, 26.233386320340497 ], [ 77.166782604010237, 26.232573344191323 ], [ 77.175387692529469, 26.239078199420689 ], [ 77.203851113704275, 26.230057586539182 ], [ 77.2701938249037, 26.267086863822556 ], [ 77.310884672714877, 26.304475749438698 ], [ 77.320852794480842, 26.333321221337489 ], [ 77.342501418539058, 26.352225419687702 ], [ 77.374168046738077, 26.365767249698916 ], [ 77.390395092949674, 26.356526155270416 ], [ 77.444325434286938, 26.361603137894271 ], [ 77.448536154868222, 26.367724734766256 ], [ 77.435267932516084, 26.393387479530801 ], [ 77.437493875097886, 26.403364103911819 ], [ 77.538236543280505, 26.411318527883186 ], [ 77.558717523628985, 26.43527700490943 ], [ 77.613476061095753, 26.452731759556119 ], [ 77.633314822904339, 26.478697943060148 ], [ 77.675527693733471, 26.50302464014862 ], [ 77.72625806266457, 26.502108734304056 ], [ 77.744748219896238, 26.53824758749543 ], [ 77.783441272322705, 26.552103599387561 ], [ 77.823637703727812, 26.550460169062767 ], [ 77.835771857038964, 26.577156220189444 ], [ 77.827387238646551, 26.596117856056168 ], [ 77.847201215655986, 26.611877241924152 ], [ 77.894572726878621, 26.615194931411281 ], [ 77.903600560960584, 26.65897684284462 ], [ 77.953570971060032, 26.659229268422667 ], [ 77.98320010065072, 26.673638295355055 ], [ 78.000609136534038, 26.694940950576541 ], [ 78.055295337236444, 26.683885253886128 ], [ 78.074373076852396, 26.670560079413068 ], [ 78.089727779440977, 26.674475681277954 ], [ 78.095737572175423, 26.681234546128479 ], [ 78.095926644185084, 26.727810345574721 ], [ 78.123535104938071, 26.746999669130314 ], [ 78.102731595897978, 26.763970432808271 ], [ 78.106103772078967, 26.789999682764208 ], [ 78.125781943994639, 26.796638263498654 ], [ 78.155203904527127, 26.784056983969275 ], [ 78.183643078684455, 26.783824422458704 ], [ 78.185780358460562, 26.797451004325133 ], [ 78.167057434219231, 26.816062429495233 ], [ 78.174076496219215, 26.825166758207395 ], [ 78.201643999125011, 26.821671089987653 ], [ 78.225245892721446, 26.830656172298706 ], [ 78.268149278387099, 26.812840176989951 ], [ 78.273290561999616, 26.842003645433852 ], [ 78.283510491040019, 26.854460471425856 ], [ 78.361457621690278, 26.869068861321416 ], [ 78.374244271702821, 26.860889640199073 ], [ 78.395491122771332, 26.81698854063859 ], [ 78.433543323476044, 26.825746744306912 ], [ 78.460668753513033, 26.78764222014318 ], [ 78.52101867315865, 26.780584012392641 ], [ 78.545230286382463, 26.763573519430615 ], [ 78.564620074768115, 26.761632906841847 ], [ 78.576245204050664, 26.748798739956449 ], [ 78.608187170474594, 26.749683384804811 ], [ 78.629977743527732, 26.773231831155083 ], [ 78.672881114988982, 26.764496625386005 ], [ 78.682465495912638, 26.787660644286849 ], [ 78.721506867780704, 26.796357513818268 ], [ 78.729280405515553, 26.792625179718627 ], [ 78.729968231693491, 26.775085502984531 ], [ 78.751652315762144, 26.786901002879798 ], [ 78.771901182050712, 26.770101300904347 ], [ 78.815866505178661, 26.762356933478344 ], [ 78.871744884251555, 26.698114473766669 ], [ 78.893210984853681, 26.697470345354798 ], [ 78.909671473022868, 26.707014013734426 ], [ 78.955568624672154, 26.691779001007959 ], [ 78.957506427275007, 26.682881043251928 ], [ 78.942636552203496, 26.664132477680614 ], [ 78.945560034427956, 26.654834305254791 ], [ 78.979866074691955, 26.675837256455608 ], [ 79.007329361551825, 26.671397851832165 ], [ 78.993630971329097, 26.641033147975321 ], [ 79.016542819303169, 26.60065852180113 ], [ 78.989124566785819, 26.595612756866682 ], [ 78.989857300767014, 26.578999744337427 ], [ 79.000195712964029, 26.578408747031418 ], [ 79.007241497336238, 26.565464926258407 ], [ 79.014406879997836, 26.550673134257195 ], [ 79.007745191142206, 26.543876054188964 ], [ 79.028393160917943, 26.54663272409794 ], [ 79.026597806531981, 26.535717533019643 ], [ 79.039807223539086, 26.529868317524294 ], [ 79.03966252153279, 26.51512026174019 ], [ 79.048529728886294, 26.518074602359508 ], [ 79.044932869396504, 26.510303595201858 ], [ 79.056394886495141, 26.495064601000433 ], [ 79.0681287023001, 26.496623583708391 ], [ 79.07168821532693, 26.478860152322586 ], [ 79.052663700448889, 26.45380930888108 ], [ 79.06213080053594, 26.45369015708933 ], [ 79.069651743302202, 26.44192587067236 ], [ 79.095247243381891, 26.44238828287261 ], [ 79.099720322473331, 26.452591402532544 ], [ 79.135126353007664, 26.44011902667906 ], [ 79.125910958859663, 26.411257174444422 ], [ 79.104696602072565, 26.406380147316931 ], [ 79.09507295430997, 26.412317457112803 ], [ 79.089030957495964, 26.39645799911996 ], [ 79.096380732160426, 26.37235584390433 ], [ 79.084283798808968, 26.362409995893245 ], [ 79.138760345218103, 26.337600809776976 ], [ 79.132657859665656, 26.335278184284661 ], [ 79.134940850062364, 26.324888766510345 ], [ 79.115571791921127, 26.320514363882872 ], [ 79.124878888573662, 26.311633730088509 ], [ 79.118532170269091, 26.300280841671395 ], [ 79.101934458786161, 26.306846777878167 ], [ 79.08991784040397, 26.287812447564296 ], [ 79.09652344560773, 26.278517850520704 ], [ 79.090734798286803, 26.270160200275626 ], [ 79.077017815304117, 26.280648496420483 ], [ 79.064690835422653, 26.277095566928971 ], [ 79.055660766596148, 26.258895075193657 ], [ 79.045676190059709, 26.260326866815358 ], [ 79.069696494474087, 26.245701061048354 ], [ 79.063216277418505, 26.225800087350496 ], [ 79.034895393255752, 26.225433110925785 ], [ 79.019443303148577, 26.247613747829824 ], [ 78.989406791926456, 26.235003536589076 ], [ 79.025822478982235, 26.22010240313903 ], [ 79.027937415362601, 26.203893021754777 ], [ 79.020087994106959, 26.198228200333737 ], [ 79.026393021549978, 26.191343870262468 ], [ 78.993734637783049, 26.196909674387644 ], [ 78.983035220836328, 26.184315624524395 ], [ 79.005156004262332, 26.16793924933064 ], [ 79.004852929910953, 26.148043433537879 ], [ 78.966993314007695, 26.150148206337899 ], [ 78.962937612183978, 26.136534851381835 ], [ 78.948925526623924, 26.128716765748489 ], [ 78.976864648268247, 26.116040721871233 ], [ 78.975630497629353, 26.105210127013546 ], [ 78.993618938068764, 26.093715127103223 ], [ 79.008605928000676, 26.093245049236817 ], [ 79.012063984577281, 26.083188469279051 ], [ 79.002802764205953, 26.066696779664785 ], [ 78.990814317887953, 26.068759553408761 ], [ 78.986178709404882, 26.053680720753587 ], [ 78.94829943164315, 26.027754468684464 ], [ 78.953546090669533, 26.015223176329464 ], [ 78.944530182457243, 26.006282790383224 ], [ 78.956796683494844, 25.996480260336373 ], [ 78.943473881681399, 25.97884837341914 ], [ 78.933143777468288, 25.979110199364133 ], [ 78.93777099086951, 25.96579825951255 ], [ 78.930503261819965, 25.958941184187537 ], [ 78.938961628816813, 25.942694764220796 ], [ 78.926650280420844, 25.946766836403885 ], [ 78.898588330512837, 25.917947631787147 ], [ 78.88463893427155, 25.913937008425805 ], [ 78.895040940620063, 25.895079647674407 ], [ 78.887313999255824, 25.868601364398096 ], [ 78.873440418080662, 25.875078491877488 ], [ 78.852365871510841, 25.856536360037275 ], [ 78.851381172733653, 25.838330436243403 ], [ 78.868044277579614, 25.837947803905806 ], [ 78.86792427773625, 25.803188503557006 ], [ 78.853854277562903, 25.793658696645647 ], [ 78.843587728161637, 25.823408153338534 ], [ 78.818174742839602, 25.829148039022943 ], [ 78.805576834289681, 25.813554880940142 ], [ 78.814129944941129, 25.807111821122763 ], [ 78.819741795995412, 25.815962204417559 ], [ 78.828011099230324, 25.8143885480611 ], [ 78.828735546628536, 25.7955836170363 ], [ 78.808336239641946, 25.800931457196036 ], [ 78.78281765822895, 25.758215812201577 ], [ 78.774064458501513, 25.75949904375538 ], [ 78.770440026309871, 25.749009731668888 ], [ 78.752953071374932, 25.750882083292709 ], [ 78.763330538323487, 25.719931884006769 ], [ 78.79995362460123, 25.704982506636078 ], [ 78.795539742064236, 25.696794594791509 ], [ 78.816703213744788, 25.676323223772705 ], [ 78.819871709271936, 25.648628442105807 ], [ 78.811761588734157, 25.620784001685269 ], [ 78.742152891713388, 25.596994562897486 ], [ 78.731778445878192, 25.6062550625231 ], [ 78.717415582009949, 25.605347640746789 ], [ 78.695107478614602, 25.587849892992956 ], [ 78.678866073961785, 25.585305953431849 ], [ 78.658279647654069, 25.559854856243362 ], [ 78.624202616355163, 25.567430816268551 ], [ 78.630789965427468, 25.578914640357297 ], [ 78.618138931050495, 25.583664028098596 ], [ 78.611695570689349, 25.569870545080768 ], [ 78.598002240184442, 25.570506135529339 ], [ 78.587744206112234, 25.556601477538521 ], [ 78.493340540010863, 25.578703907306437 ], [ 78.466908488938728, 25.559366051841202 ], [ 78.464695526533063, 25.545514547249976 ], [ 78.443600981465536, 25.56320967829954 ], [ 78.419356958508629, 25.532848105099088 ], [ 78.419058047689902, 25.51814339810716 ], [ 78.428849023482087, 25.511550431101575 ], [ 78.416811426639967, 25.50170597655773 ], [ 78.431303056587581, 25.473635283732193 ], [ 78.416476574875773, 25.476350572335352 ], [ 78.400261866954366, 25.46344348348531 ], [ 78.394956129850357, 25.44421229735984 ], [ 78.377582345908678, 25.436831654207552 ], [ 78.35445110593848, 25.451892115304414 ], [ 78.338942722914993, 25.431016454475827 ], [ 78.340526207678593, 25.39952596488995 ], [ 78.305307639822303, 25.376756293031693 ], [ 78.300796790263078, 25.359936595201223 ], [ 78.327589679938384, 25.352608482858734 ], [ 78.343788980389988, 25.328460690764736 ], [ 78.311811711794306, 25.303230838968805 ], [ 78.354482354223677, 25.292240883258312 ], [ 78.350165911803913, 25.277248341795403 ], [ 78.372462812677455, 25.259834499692811 ], [ 78.359882596123512, 25.242134259929344 ], [ 78.378534755875265, 25.238697227482721 ], [ 78.382052518888429, 25.222590698266515 ], [ 78.410947941287162, 25.212665426497157 ], [ 78.391338311245065, 25.201186214399335 ], [ 78.395275181069508, 25.187911080481214 ], [ 78.4166408702703, 25.183448935224416 ], [ 78.423399100744305, 25.169312608683086 ], [ 78.458224706868393, 25.16365818021686 ], [ 78.447850871187171, 25.152710224353857 ], [ 78.427325650468703, 25.154043724307716 ], [ 78.446820057597137, 25.121783754476553 ], [ 78.406817733763759, 25.128933182222248 ], [ 78.383447802391245, 25.101718702563314 ], [ 78.338630356070084, 25.086580196016456 ], [ 78.335484396322983, 25.066560988332274 ], [ 78.347368055473012, 25.021529890683144 ], [ 78.333971686405562, 24.994915907407467 ], [ 78.318639652739776, 24.990780771101544 ], [ 78.294587861291205, 24.963055156717711 ], [ 78.223800448983553, 24.91530859322712 ], [ 78.210586162333598, 24.89480780730667 ], [ 78.173469932019202, 24.879029638426484 ], [ 78.168964679331111, 24.862617727466841 ], [ 78.173262732119511, 24.84669146896427 ], [ 78.197592288857308, 24.839779860042018 ], [ 78.216672980054227, 24.80859186018521 ], [ 78.23573907221926, 24.771745522365887 ], [ 78.226163457949539, 24.746854233457142 ], [ 78.276710715397854, 24.662870238146759 ], [ 78.262667917963114, 24.645998247552331 ], [ 78.277979568815326, 24.614666562722043 ], [ 78.264463788364381, 24.552198260009725 ], [ 78.229529916234725, 24.537597025831666 ], [ 78.225816078844645, 24.520108141345396 ], [ 78.246010573829437, 24.509534791441492 ], [ 78.245884492167235, 24.48613465791875 ], [ 78.274971976231299, 24.47392047654613 ], [ 78.264153211993161, 24.455696914416336 ], [ 78.269683713538086, 24.446934435823231 ], [ 78.340743557537863, 24.402064955247447 ], [ 78.349269521152721, 24.387206164041881 ], [ 78.365889987853848, 24.385762949203468 ], [ 78.369545881949804, 24.374780740012632 ], [ 78.329077719471442, 24.327122298228772 ], [ 78.343682269159515, 24.317303002994276 ], [ 78.347897981411663, 24.299494322080832 ], [ 78.379267243710302, 24.282975578553323 ], [ 78.38954777610833, 24.26266096901686 ], [ 78.413552955521283, 24.272642133683771 ], [ 78.418503829425404, 24.285008913499002 ], [ 78.431081423736345, 24.284025917800545 ], [ 78.443953424912095, 24.319377789126488 ], [ 78.477957942496261, 24.338930711331933 ], [ 78.474343554175675, 24.356160658646626 ], [ 78.493614413670784, 24.381378683905535 ], [ 78.502135292442489, 24.390328069339098 ], [ 78.518617309966558, 24.387818021075439 ], [ 78.529802426016104, 24.378796828161974 ], [ 78.529879626773422, 24.368094058546212 ], [ 78.573128551244679, 24.351046095723412 ], [ 78.586050837227688, 24.35363723853553 ], [ 78.603583248575262, 24.31461194231473 ], [ 78.628508287017979, 24.303841544541065 ], [ 78.619952842294694, 24.292370976789254 ], [ 78.625547759428031, 24.280891398059808 ], [ 78.638524858668589, 24.285233408673029 ], [ 78.660204342248008, 24.267441254136859 ], [ 78.668629805638162, 24.240035605188503 ], [ 78.702965195088211, 24.226958722916255 ], [ 78.725560566886585, 24.236512755677047 ], [ 78.734148978189779, 24.252421285230671 ], [ 78.740495897896579, 24.234903620077411 ], [ 78.748714817901671, 24.233141880413118 ], [ 78.761927630656245, 24.259462804273657 ], [ 78.768208335289899, 24.251808492806042 ], [ 78.767371904887042, 24.220161163818268 ], [ 78.781095897557378, 24.206018050957351 ], [ 78.785474714669448, 24.183546411467141 ], [ 78.78947005891979, 24.177074086884666 ], [ 78.806364501738997, 24.17837251196524 ], [ 78.81419532550359, 24.184844727221375 ], [ 78.815144730261068, 24.207001087473344 ], [ 78.826521712063496, 24.195415689133419 ], [ 78.847076316579859, 24.213867365406365 ], [ 78.860420792736619, 24.209215011086108 ], [ 78.882333779362639, 24.217453906846217 ], [ 78.888015096446196, 24.227019277511232 ], [ 78.884583537649334, 24.250473031227848 ], [ 78.916742737913737, 24.269023574123892 ], [ 78.918658226828569, 24.28297644087748 ], [ 78.909635215631866, 24.297988504466002 ], [ 78.94124537672657, 24.315280833817244 ], [ 78.971417129908687, 24.347563672030294 ], [ 78.969791924861084, 24.369114675294039 ], [ 78.99364583239516, 24.422744290313183 ], [ 78.985850294451637, 24.441668654259072 ], [ 78.947428003361509, 24.43659675217782 ], [ 78.939754838435789, 24.453495744145883 ], [ 78.914214593382226, 24.459668655589176 ], [ 78.920573737986288, 24.499713653541676 ], [ 78.937140012734162, 24.491045145671556 ], [ 78.927221231489241, 24.482061367002288 ], [ 78.937745066763583, 24.478820110833077 ], [ 78.963466353390316, 24.483529514037532 ], [ 78.971519661682677, 24.494236468447152 ], [ 78.947255966325955, 24.502428927730147 ], [ 78.951379138953641, 24.518746760612835 ], [ 78.943685494682541, 24.534481354063441 ], [ 78.953125220324608, 24.546876595973721 ], [ 78.920078021398766, 24.574920003645229 ], [ 78.91251882008882, 24.600144529432189 ], [ 78.900603199910037, 24.607327951855353 ], [ 78.883169292491459, 24.64131010154324 ], [ 78.868009997249146, 24.639990519195756 ], [ 78.859761431701699, 24.617660482665112 ], [ 78.843289283367014, 24.623288725001672 ], [ 78.834506737580313, 24.604571528120964 ], [ 78.80308269214683, 24.603437033428893 ], [ 78.783659789320311, 24.588535795222125 ], [ 78.752027194953797, 24.60017556728392 ], [ 78.751946413303543, 24.642487494931043 ], [ 78.743924901295429, 24.654040495143086 ], [ 78.781007112487188, 24.706163797222004 ], [ 78.770395083905058, 24.788397432962078 ], [ 78.789836624591004, 24.810974697278809 ], [ 78.775929179593319, 24.83071447548912 ], [ 78.770034287223552, 24.859016964814334 ], [ 78.676645921972849, 24.898575246256517 ], [ 78.663323505959454, 24.938497388103471 ], [ 78.651956940343425, 24.938367792463737 ], [ 78.652159695918257, 24.947976607052105 ], [ 78.631759548795856, 24.957713027463807 ], [ 78.644023746761007, 24.984402056989609 ], [ 78.652613793019526, 25.050590585083135 ], [ 78.628142105277917, 25.086197591584796 ], [ 78.602163660599956, 25.094934566024506 ], [ 78.603121278892644, 25.146864920830961 ], [ 78.570540428770656, 25.205191348542339 ], [ 78.570254359954916, 25.22379203891969 ], [ 78.555751954051672, 25.209213644187749 ], [ 78.577996374091299, 25.253196726293343 ], [ 78.556927906198183, 25.266004072235209 ], [ 78.534562626129613, 25.268204214787534 ], [ 78.531738229566429, 25.28399069930995 ], [ 78.512487755654476, 25.276665282533163 ], [ 78.503440204105075, 25.289589600033178 ], [ 78.450487650308645, 25.262112402324313 ], [ 78.435037136578529, 25.284294909329816 ], [ 78.453789114526572, 25.301270731877178 ], [ 78.472830181361047, 25.285521813418068 ], [ 78.498309284953251, 25.320060172697293 ], [ 78.504338178116171, 25.320386598792851 ], [ 78.503343878781052, 25.301546062163567 ], [ 78.510380350041643, 25.295354543874218 ], [ 78.532991411626114, 25.300949104536659 ], [ 78.534920530158701, 25.310934355761411 ], [ 78.553048184991582, 25.319652937721166 ], [ 78.539859367529871, 25.327894740520776 ], [ 78.542023033446213, 25.345011443113954 ], [ 78.529622459545962, 25.353385061596061 ], [ 78.536439567040773, 25.35954192409125 ], [ 78.552376540086456, 25.35602239788119 ], [ 78.562210805585906, 25.340918519659738 ], [ 78.584928243704411, 25.346838736800322 ], [ 78.587248529851351, 25.372639278728897 ], [ 78.577785873073225, 25.381677229761834 ], [ 78.561893475068672, 25.37836294877053 ], [ 78.566498148442307, 25.390759017734052 ], [ 78.591373358832357, 25.385873994918796 ], [ 78.610588568839091, 25.416022953522276 ], [ 78.635180796975362, 25.40067789668764 ], [ 78.64519530045682, 25.414976135256779 ], [ 78.641107432182309, 25.433332144688638 ], [ 78.658280695061876, 25.441036903089948 ], [ 78.682098153272023, 25.433502257835993 ], [ 78.68909574812325, 25.44564743224467 ], [ 78.7113967476526, 25.428049228294025 ], [ 78.674504127845736, 25.399806987968976 ], [ 78.665823254970704, 25.415389210453064 ], [ 78.658529114591772, 25.408753622602138 ], [ 78.664777764222507, 25.393274958339429 ], [ 78.660123658964451, 25.383955148532159 ], [ 78.694692643938438, 25.373825809464517 ], [ 78.699766335652583, 25.381927182971936 ], [ 78.714714727711353, 25.372990918114631 ], [ 78.709473202178145, 25.351315435316828 ], [ 78.726737463956013, 25.343419274103852 ], [ 78.774631494112938, 25.353094216083818 ], [ 78.765879057255233, 25.36916819527341 ], [ 78.773710199233022, 25.376105762655538 ], [ 78.757043430696058, 25.385145545119222 ], [ 78.767987823689779, 25.399933603044943 ], [ 78.748483090485038, 25.391601558593937 ], [ 78.748262064240322, 25.409787926600131 ], [ 78.775063419308623, 25.419856117556282 ], [ 78.821327837271753, 25.422596744095543 ], [ 78.80286962731077, 25.437130113590772 ], [ 78.785099995210857, 25.435721882182971 ], [ 78.770696501846615, 25.42281713699381 ], [ 78.762358069000626, 25.426900480948937 ], [ 78.752355488148154, 25.446729534674382 ], [ 78.732133502829029, 25.457594256589193 ], [ 78.735311444420461, 25.491402395928183 ], [ 78.745073328869637, 25.499382988780948 ], [ 78.747647111472091, 25.484319915731867 ], [ 78.767756641867336, 25.469443214253207 ], [ 78.796652640700884, 25.482800436130358 ], [ 78.818685329582223, 25.470912914991636 ], [ 78.809173305252443, 25.453462731215584 ], [ 78.820643425371287, 25.467776888760039 ], [ 78.840929990826339, 25.461487993843647 ], [ 78.835178839289341, 25.454786409607181 ], [ 78.854864554287985, 25.447628170499495 ], [ 78.820723995427414, 25.438691167491701 ], [ 78.828032287008924, 25.428189438174055 ], [ 78.846651061171542, 25.428741424259584 ], [ 78.866170104867138, 25.465668900528829 ], [ 78.854357728582968, 25.490009003308323 ], [ 78.833412683694092, 25.50263890969358 ], [ 78.841526393338597, 25.512515403721359 ], [ 78.884282955851376, 25.515590834679941 ], [ 78.886442168162716, 25.532428483572424 ], [ 78.874294079049804, 25.540950337329701 ], [ 78.881035811150085, 25.552969511244864 ], [ 78.893440648584232, 25.555316196206906 ], [ 78.91702578391677, 25.552392563394214 ], [ 78.923365293499899, 25.535936790792409 ], [ 78.9330955184723, 25.555336495172657 ], [ 78.951780496720673, 25.548775204289765 ], [ 78.946852377925836, 25.529459316782194 ], [ 78.91993568756051, 25.515794265232785 ], [ 78.942155549807566, 25.492450145680564 ], [ 78.926638903995212, 25.490429946956791 ], [ 78.94390559226656, 25.482925845332204 ], [ 78.937815163045713, 25.465040082718303 ], [ 78.908871972231452, 25.442420541939104 ], [ 78.93827708340595, 25.422269645425839 ], [ 78.950931565934511, 25.440544587020689 ], [ 78.967314974548373, 25.434265289786175 ], [ 78.976338499487227, 25.419957085876813 ], [ 78.969928568197261, 25.390113477630194 ], [ 78.989294008848773, 25.373991927085072 ], [ 78.975181753530308, 25.366210752939729 ], [ 78.959248483166192, 25.371496776051206 ], [ 78.938711647524812, 25.346976324337128 ], [ 78.923136417513348, 25.358808517864624 ], [ 78.901750251737909, 25.361377040661175 ], [ 78.896559784429627, 25.37402938195499 ], [ 78.91598471734757, 25.381417005587991 ], [ 78.938177744124033, 25.374821050925554 ], [ 78.957548818038504, 25.393682151096804 ], [ 78.953174429616766, 25.4000141023241 ], [ 78.917806186521915, 25.396173172534635 ], [ 78.913779588547143, 25.384295402155093 ], [ 78.880307410312497, 25.385882942809893 ], [ 78.845741754777791, 25.355554300161245 ], [ 78.841070362398014, 25.345023362217479 ], [ 78.849897685681597, 25.334999289441562 ], [ 78.846155790055789, 25.326978885518262 ], [ 78.84273247120224, 25.336541602847905 ], [ 78.819297620714337, 25.306940043898383 ], [ 78.798313340729763, 25.313924097498148 ], [ 78.792353029170542, 25.308022942253881 ], [ 78.787785194493964, 25.296039836345251 ], [ 78.797587854459465, 25.289206424452615 ], [ 78.817208058163516, 25.306658073843575 ], [ 78.828523268760264, 25.302749689416938 ], [ 78.818447227815611, 25.298950634889568 ], [ 78.809467435372412, 25.270518353966565 ], [ 78.832775146277271, 25.252440416067973 ], [ 78.842799511358137, 25.227690697153662 ], [ 78.849652056656296, 25.228784333482597 ], [ 78.866604593669607, 25.280387569742235 ], [ 78.874974440181916, 25.278379193642778 ], [ 78.879865236350355, 25.285869759853469 ], [ 78.874421139070805, 25.308666188452506 ], [ 78.862705325121027, 25.31446113724353 ], [ 78.867571229362355, 25.325546247225372 ], [ 78.881228965258131, 25.325007860149039 ], [ 78.882002854116223, 25.343636521805649 ], [ 78.911824712320481, 25.332569888345706 ], [ 78.922542367255062, 25.342897709622811 ], [ 78.932174884654316, 25.336049413037244 ], [ 78.927933123064335, 25.324128334243085 ], [ 78.960614939019678, 25.345082985757735 ], [ 78.957426754858801, 25.302237331631876 ], [ 78.979883137347898, 25.278997324405484 ], [ 78.955498772042034, 25.282741552784184 ], [ 78.948723451288856, 25.274258973632712 ], [ 78.954601219162825, 25.261380326787361 ], [ 78.945148713262569, 25.259452844886766 ], [ 78.917007402006348, 25.273572777131957 ], [ 78.899753524413441, 25.243128600093186 ], [ 78.879500722532171, 25.252254263129473 ], [ 78.870354484727969, 25.226425685464289 ], [ 78.890583527930346, 25.214423093391328 ], [ 78.870633625696385, 25.187026018135146 ], [ 78.881907037700671, 25.15689260163543 ], [ 78.902996121143303, 25.170529293028444 ], [ 78.925211569621027, 25.204453580740203 ], [ 78.953850502925604, 25.218955663963499 ], [ 79.005855274048201, 25.195174544651724 ], [ 79.001185557355427, 25.233696883265193 ], [ 78.974843365543592, 25.240487610855325 ], [ 78.994401013075972, 25.273162612100521 ], [ 79.013318519358819, 25.273993966983269 ], [ 79.025600410611844, 25.261239479779388 ], [ 79.017949654060828, 25.249539278879485 ], [ 79.021728101180273, 25.241837170050378 ], [ 79.038664809358252, 25.243468335315427 ], [ 79.033539303989258, 25.234022004070642 ], [ 79.063634273316154, 25.221975715948517 ], [ 79.05953372843976, 25.190659631074599 ], [ 79.048698951117828, 25.193417952508938 ], [ 79.052200291678233, 25.207679986038276 ], [ 79.030965663397723, 25.184948873038973 ], [ 79.039953649304309, 25.171137683225087 ], [ 79.031791766787549, 25.164263078075514 ], [ 79.036827642637206, 25.161571479762014 ], [ 79.031003065166814, 25.13839019792055 ], [ 79.050698449654874, 25.134180948205625 ], [ 79.067760556396635, 25.149616323713605 ], [ 79.071441118434947, 25.170466357377641 ], [ 79.090473638813521, 25.190964942524666 ], [ 79.095802802975342, 25.174968683580012 ], [ 79.125947598203169, 25.161292228318121 ], [ 79.115987595832337, 25.140019474895002 ], [ 79.13198299555296, 25.127482246652733 ], [ 79.123976082033323, 25.111044033696672 ], [ 79.140045015582913, 25.108832063344089 ], [ 79.143971647095967, 25.115145171377193 ], [ 79.174243687655022, 25.108553132667851 ], [ 79.185911445021958, 25.114910815459513 ], [ 79.187186295017881, 25.125953051887578 ], [ 79.174675379140268, 25.128150411496861 ], [ 79.176601455069715, 25.141342418448733 ], [ 79.192123098670777, 25.146170255994626 ], [ 79.204305633682736, 25.13991476355319 ], [ 79.203845203532126, 25.125728416874466 ], [ 79.21499023854814, 25.111368445861277 ], [ 79.227352940490647, 25.121805065773945 ], [ 79.244915765079568, 25.113676215606041 ], [ 79.246563278317637, 25.135232289924375 ], [ 79.260463459887006, 25.153154665928426 ], [ 79.268867179770695, 25.138426330267961 ], [ 79.260041840926249, 25.125214344529009 ], [ 79.282976828656189, 25.117287465842129 ], [ 79.286336411267897, 25.131158361399603 ], [ 79.306988088495885, 25.129268245922773 ], [ 79.323246894146791, 25.149692719142003 ], [ 79.30442143940931, 25.17812992442644 ], [ 79.308472292430849, 25.198211960811616 ], [ 79.301516859910137, 25.20137136732026 ], [ 79.292214199766988, 25.184152608786672 ], [ 79.284757393192592, 25.190985839799797 ], [ 79.279368269130757, 25.244708394719655 ], [ 79.299463665748718, 25.239749444963294 ], [ 79.310536474434272, 25.222955366431915 ], [ 79.328694497559852, 25.221339080883741 ], [ 79.338460470981417, 25.19797849691712 ], [ 79.352095948375151, 25.212192605582118 ], [ 79.332972543700009, 25.227951807996657 ], [ 79.343870359634778, 25.227273115319012 ], [ 79.347457523570895, 25.266604967625845 ], [ 79.335278253306655, 25.269702114772695 ], [ 79.328508664004389, 25.25688247948974 ], [ 79.316517702549689, 25.255957502440072 ], [ 79.293704700708233, 25.283540354604103 ], [ 79.282529427442427, 25.262044366865943 ], [ 79.273538351383877, 25.26061468513074 ], [ 79.263044147057101, 25.272183581210086 ], [ 79.270522719917594, 25.309715042357272 ], [ 79.278979221224603, 25.323969560093005 ], [ 79.295657791869345, 25.32361891925985 ], [ 79.299920943819103, 25.337613981444697 ], [ 79.352079350577213, 25.329883130227458 ], [ 79.34133325379824, 25.318924126087939 ], [ 79.346558882522629, 25.305032880318375 ], [ 79.336258565420408, 25.28810222387456 ], [ 79.35819465800121, 25.284197246146064 ], [ 79.355287020322081, 25.265912004768001 ], [ 79.362900608427111, 25.261694885884232 ], [ 79.369902506055382, 25.260075542147739 ], [ 79.373873943387736, 25.272390082634008 ], [ 79.368648120842636, 25.292328222488962 ], [ 79.407615624230473, 25.273914476429269 ], [ 79.409015357229535, 25.256072308896027 ], [ 79.436749747314167, 25.254686498444041 ], [ 79.462826704285405, 25.271583771737465 ], [ 79.458530786322981, 25.279518195283455 ], [ 79.467180431301458, 25.283247170178736 ], [ 79.494491774293948, 25.266789507541688 ], [ 79.462588591463472, 25.264589419350767 ], [ 79.43284684962677, 25.220568049689014 ], [ 79.448955401593579, 25.214936840764445 ], [ 79.440424113834155, 25.198860620159504 ], [ 79.412220034191648, 25.200240794456377 ], [ 79.41181073628556, 25.182637814263952 ], [ 79.390279139698691, 25.170116177578048 ], [ 79.384072888230605, 25.142717928525247 ], [ 79.390765964178215, 25.141224395785901 ], [ 79.387651928074959, 25.130339572367234 ], [ 79.39615703044872, 25.128350731737829 ], [ 79.393305743141156, 25.11720436430123 ], [ 79.405341584522148, 25.106226125832716 ], [ 79.426258473818464, 25.119047856682329 ], [ 79.416508473490424, 25.127268142469518 ], [ 79.421368474216294, 25.129558221829733 ], [ 79.43974847327361, 25.121127930210125 ], [ 79.439251503200836, 25.101441185044798 ], [ 79.477242776239166, 25.127482274168308 ], [ 79.465186271050257, 25.087967975717369 ], [ 79.491510395023397, 25.079611248146129 ], [ 79.505431281746439, 25.095381821170182 ], [ 79.524952168199263, 25.097352921792897 ], [ 79.518125708581451, 25.126755785390383 ], [ 79.569096468114139, 25.171809003097575 ], [ 79.581504008033789, 25.151140586006772 ], [ 79.595951633888291, 25.143290230399934 ], [ 79.606487660489051, 25.152400535270278 ], [ 79.600134940358899, 25.12779993654771 ], [ 79.622679318915814, 25.140521508453741 ], [ 79.641212907432944, 25.127038169352286 ], [ 79.673226859568373, 25.120516015061764 ], [ 79.683281313793543, 25.135147630483964 ], [ 79.717177266443528, 25.128761401805615 ], [ 79.748389030753259, 25.139630690372623 ], [ 79.851240742779368, 25.094197103466168 ], [ 79.861684440161838, 25.096994625048641 ], [ 79.848079788817302, 25.110445998578435 ], [ 79.851692297232361, 25.128653587837182 ], [ 79.866147598675468, 25.141055557247547 ], [ 79.881426736369932, 25.142112214280452 ], [ 79.866482092056444, 25.149933409704307 ], [ 79.870076415619366, 25.172311503024574 ], [ 79.856011710981619, 25.19445354401573 ], [ 79.868504030160381, 25.216534575335093 ], [ 79.85268969086863, 25.225178308898812 ], [ 79.851376696704236, 25.235501524450736 ], [ 79.863734316533481, 25.235919103155112 ], [ 79.877758791246237, 25.251004025074604 ], [ 79.902069155172768, 25.240878936150175 ], [ 79.90749277997368, 25.250887576056744 ], [ 79.916528506328106, 25.244620319542843 ], [ 79.917539609496231, 25.226777668439517 ], [ 79.927070676113487, 25.248840384284353 ], [ 79.936599370564878, 25.247509619718272 ], [ 79.948363458740857, 25.268654139506449 ], [ 79.980824245496208, 25.261868045635673 ], [ 80.004808533839523, 25.267230227455606 ], [ 79.998740480522514, 25.285557452678091 ], [ 80.022206324695702, 25.297613322749605 ], [ 80.018547598983218, 25.321370244724637 ], [ 80.033484735802872, 25.34204789513463 ], [ 80.0726652815394, 25.336831143985087 ], [ 80.088999390199874, 25.35584414188007 ], [ 80.131147425060817, 25.334242179016339 ], [ 80.148772812889817, 25.357043863145567 ], [ 80.167254008960441, 25.363888326162968 ], [ 80.168988631531548, 25.376932309853405 ], [ 80.194926704174634, 25.378084405253798 ], [ 80.202408086933488, 25.414031304909621 ], [ 80.220844754393923, 25.396749266242633 ], [ 80.236278436806757, 25.407859063470383 ], [ 80.2534491004036, 25.400824188921515 ], [ 80.26400573107172, 25.424019880251574 ], [ 80.288365364872902, 25.417031547796334 ], [ 80.315447352574068, 25.388865345101621 ], [ 80.32034675866592, 25.36604671160082 ], [ 80.309608994026377, 25.354287257195754 ], [ 80.322706015541002, 25.332082954286413 ], [ 80.310834512307167, 25.286405748473847 ], [ 80.351498664068913, 25.277256917875114 ], [ 80.356845417252174, 25.261791636569495 ], [ 80.3836120466772, 25.237281693122501 ], [ 80.403379533224992, 25.244027030225475 ], [ 80.407769181514823, 25.218017187795681 ], [ 80.431701135199731, 25.177609387483599 ], [ 80.419925357726655, 25.163174217582103 ], [ 80.390288891309979, 25.158398106629374 ], [ 80.354552480060491, 25.138259777937648 ], [ 80.354808131821457, 25.126424684170878 ], [ 80.376116927250649, 25.116351576652722 ], [ 80.370510337800482, 25.09970945753243 ], [ 80.348528441123975, 25.086536909493788 ], [ 80.345902636045366, 25.064841169535374 ], [ 80.35546097812427, 25.055667778191697 ], [ 80.336702984771492, 25.059021982956782 ], [ 80.331548600742195, 25.047930351142327 ], [ 80.311471109383461, 25.044294428272337 ], [ 80.290564117096466, 25.059504764541789 ], [ 80.285846517775582, 25.056021718075627 ], [ 80.288197419822794, 25.038830223790455 ], [ 80.27361867466665, 25.026089285885192 ], [ 80.330580145460246, 24.992318039463665 ], [ 80.342030219712612, 25.013755176714493 ], [ 80.351963864745287, 25.017507956064961 ], [ 80.357408050874625, 25.011581715008504 ], [ 80.363000584954946, 25.02359281740404 ], [ 80.377424868735346, 25.019553303626857 ], [ 80.378525767990055, 25.004351893172878 ], [ 80.395671508457184, 25.010200338534272 ], [ 80.377881182254328, 25.027016864667807 ], [ 80.389865921906974, 25.035558393413389 ], [ 80.370565203650273, 25.042715527780519 ], [ 80.373732263363905, 25.055904664754966 ], [ 80.387656298165638, 25.050761954691751 ], [ 80.400890243302214, 25.069510290998945 ], [ 80.40875089829963, 25.055272349441573 ], [ 80.416194924992169, 25.07313130970692 ], [ 80.433066344635989, 25.06575015500988 ], [ 80.448481146490053, 25.078634501076635 ], [ 80.451563935409652, 25.062202718272438 ], [ 80.466572765572806, 25.064816947671137 ], [ 80.475161523361621, 25.038016930539403 ], [ 80.488905690364049, 25.04346808899502 ], [ 80.501966931276343, 25.036662730546151 ], [ 80.495792197481435, 25.029172913471282 ], [ 80.474485899283138, 25.030523297907386 ], [ 80.448955857266498, 25.040480160078133 ], [ 80.43319715247803, 25.023595345718462 ], [ 80.45248020834461, 25.015137504780959 ], [ 80.454870649901068, 25.004235467379267 ], [ 80.4368087667726, 25.001439740488632 ], [ 80.437276788191639, 24.994319922381724 ], [ 80.462442628153326, 25.002481611320075 ], [ 80.456178457162537, 24.981630967107591 ], [ 80.478630036119569, 24.973921430201599 ], [ 80.499367072236254, 25.006165532281791 ], [ 80.549316925069618, 25.002095932866549 ], [ 80.541401975087112, 25.016673423649024 ], [ 80.546102956908726, 25.032408752539627 ], [ 80.500618269728108, 25.041581867193415 ], [ 80.509144859032517, 25.058757393869524 ], [ 80.496453927196015, 25.072944002965794 ], [ 80.506745202555848, 25.08399508161223 ], [ 80.479645798584301, 25.096348408152252 ], [ 80.514228935743802, 25.096763475905174 ], [ 80.522023802064396, 25.075712529136926 ], [ 80.552300303788002, 25.062850378432085 ], [ 80.567668652502618, 25.073340280050999 ], [ 80.568397116004434, 25.08685529177794 ], [ 80.613275479344054, 25.065702780817606 ], [ 80.606698730915085, 25.086719783940513 ], [ 80.598205457482379, 25.087273617836122 ], [ 80.597982145267167, 25.0793588068174 ], [ 80.592370903324948, 25.090179315534975 ], [ 80.597694503522376, 25.088974405180664 ], [ 80.592364942078504, 25.103190157682867 ], [ 80.597570146056114, 25.113985712166958 ], [ 80.607221993536783, 25.117896023685674 ], [ 80.595035444433293, 25.127202166062624 ], [ 80.601865604211781, 25.15040418227197 ], [ 80.612682679487804, 25.143235816060269 ], [ 80.611337929568805, 25.127912256081398 ], [ 80.628878580244688, 25.133481231495718 ], [ 80.638254309034707, 25.116726347013206 ], [ 80.627113815405778, 25.117074240803316 ], [ 80.618837345180879, 25.100246245964147 ], [ 80.607571975693304, 25.09820007342509 ], [ 80.627236219277847, 25.083317843228048 ], [ 80.640441996965464, 25.092496436276811 ], [ 80.659061063892352, 25.083456601817012 ], [ 80.661783846051421, 25.067640371988883 ], [ 80.672984002067494, 25.082592650802241 ], [ 80.685265191196251, 25.07657564096316 ], [ 80.674068686329875, 25.060496352186977 ], [ 80.679599528666245, 25.048543784137625 ], [ 80.712293148119571, 25.058652336284595 ], [ 80.717144662747884, 25.069090625674967 ], [ 80.729075736684621, 25.067172612631534 ], [ 80.736940847696957, 25.052946509284769 ], [ 80.776228772094854, 25.054815911306889 ], [ 80.787532345586484, 25.061693015961257 ], [ 80.783433727212511, 25.07587432868926 ], [ 80.75715598221889, 25.082007409272798 ], [ 80.752148928331977, 25.092466627478544 ], [ 80.7256229747384, 25.09140537173473 ], [ 80.727427015962022, 25.118396230407004 ], [ 80.707367851235105, 25.117778529662026 ], [ 80.704424826589431, 25.128364802249262 ], [ 80.718371273279132, 25.130492956751322 ], [ 80.730426505075371, 25.146598070426748 ], [ 80.742011221398471, 25.12355281428631 ], [ 80.753880703290449, 25.132795701859159 ], [ 80.771803385634144, 25.132406856968981 ], [ 80.778179053500466, 25.142241689523829 ], [ 80.786406019725788, 25.129431802514272 ], [ 80.808327080851043, 25.136908844168243 ], [ 80.815291378958165, 25.131698454940594 ], [ 80.811978099746824, 25.124068925448089 ], [ 80.826679577230678, 25.121438399623649 ], [ 80.829905769055983, 25.100457053848579 ], [ 80.842903373659468, 25.112372127936833 ], [ 80.83653233417067, 25.133791144075293 ], [ 80.840032074100463, 25.156066127838017 ], [ 80.849140209361465, 25.162590787146552 ], [ 80.838184194935863, 25.180539435506201 ], [ 80.844109623132667, 25.186715283257289 ], [ 80.86933988185109, 25.174467172608949 ], [ 80.884692223452291, 25.187927855171047 ], [ 80.9036622002196, 25.15951090073677 ], [ 80.912837820011035, 25.15906642927046 ], [ 80.894817726997061, 25.133997328744407 ], [ 80.879541725254583, 25.138210822913024 ], [ 80.868474724662363, 25.115668464120766 ], [ 80.87959326960825, 25.099338057683585 ], [ 80.867639147514851, 25.075324726510942 ], [ 80.878076232806364, 25.065457770303063 ], [ 80.831808498344728, 25.032775640918672 ], [ 80.855161151191808, 25.003974585385063 ], [ 80.852242999048954, 24.988719128887222 ], [ 80.833061949800026, 24.981966861598618 ], [ 80.823967938782602, 24.967761796813839 ], [ 80.792294078352072, 24.96489958403096 ], [ 80.810057474715762, 24.95267874835212 ], [ 80.808307815977727, 24.938493932021363 ], [ 80.820224253010167, 24.932965802070985 ], [ 80.812174260997409, 24.92250468986526 ], [ 80.835832560273445, 24.919533181987468 ], [ 80.83760617509877, 24.928334636523161 ], [ 80.860698685216448, 24.928602890160352 ], [ 80.892644604366396, 24.945280794308932 ], [ 80.906943260093243, 24.935230012946555 ], [ 80.89926037932679, 24.948649089607059 ], [ 80.946664872571816, 24.96627739201497 ], [ 80.954334741194614, 24.953457485835767 ], [ 80.947705949415209, 24.940959076164628 ], [ 80.958912751872532, 24.938766482460601 ], [ 80.957247090861244, 24.917838221870582 ], [ 80.974072499787084, 24.934150616822532 ], [ 80.985899353910696, 24.932493999878275 ], [ 80.986680955286147, 24.923279428578343 ], [ 81.002424848043717, 24.936894019849841 ], [ 81.023104250418911, 24.927608090673917 ], [ 81.02881048258935, 24.933145111032374 ], [ 81.016014552131807, 24.951275856823585 ], [ 81.025613994989939, 24.94004084795117 ], [ 81.033582643819301, 24.952585236173253 ], [ 81.084780053673768, 24.949658514628648 ], [ 81.096286217961165, 24.921286234351392 ], [ 81.139644433609334, 24.88750468821463 ], [ 81.145502313397728, 24.910280828553219 ], [ 81.16039576273765, 24.914033250370206 ], [ 81.168052791409622, 24.955201999494282 ], [ 81.18519222594351, 24.952009291240888 ], [ 81.207187722389989, 24.930341398002767 ], [ 81.192950647260218, 24.925324739505829 ], [ 81.219621324163768, 24.928600671242101 ], [ 81.207198405066933, 24.964395912496048 ], [ 81.220922683679774, 24.977509138037135 ], [ 81.208965242392921, 24.992590259365834 ], [ 81.226401732305575, 25.001567284908706 ], [ 81.263996821215741, 25.053066369364483 ], [ 81.26891481924099, 25.067468793488498 ], [ 81.259530865759018, 25.075726500817268 ], [ 81.267022467667729, 25.084500205645433 ], [ 81.25208547523458, 25.102085165601952 ], [ 81.264955491162596, 25.117310942905519 ], [ 81.266247550658989, 25.139598675533829 ], [ 81.281711043961053, 25.152046260714847 ], [ 81.277564137519278, 25.165981889696326 ], [ 81.31348370045319, 25.163684078819923 ], [ 81.311776557337652, 25.137625147558477 ], [ 81.321292915359805, 25.112845852115555 ], [ 81.331190225390998, 25.114681892430792 ], [ 81.319601574401048, 25.156768398964648 ], [ 81.334585041246314, 25.169224560602864 ], [ 81.36059197290426, 25.160498192711607 ], [ 81.375460057116854, 25.141710798455673 ], [ 81.370993935394267, 25.134833254512653 ], [ 81.392766636956623, 25.131004989671414 ], [ 81.399556745349486, 25.119366300690171 ], [ 81.414219026020774, 25.121046868379736 ], [ 81.406094082163492, 25.131325015596275 ], [ 81.438387743782712, 25.130451626217862 ], [ 81.447513160790592, 25.107141653086764 ], [ 81.407458604189017, 25.105006887924066 ], [ 81.464855029139329, 25.090115144622047 ], [ 81.469672323372819, 25.079402806799266 ], [ 81.491207252522059, 25.072249472438031 ], [ 81.493547102279621, 25.080174388245428 ], [ 81.501597222207451, 25.078126713014502 ], [ 81.500330411367742, 25.096407467129563 ], [ 81.518190998051523, 25.100953208623636 ], [ 81.490305685417042, 25.109672839081977 ], [ 81.480018696749809, 25.132177505561732 ], [ 81.496631110972857, 25.129248820642456 ], [ 81.499679229139318, 25.148645670758402 ], [ 81.526990132361362, 25.138066266089265 ], [ 81.531002415722654, 25.14506299751757 ], [ 81.523064484677519, 25.148183400451728 ], [ 81.536445011529651, 25.160193797966631 ], [ 81.514757830797109, 25.173544341930857 ], [ 81.514494567004206, 25.18355684908628 ], [ 81.539863370156098, 25.180688624442901 ], [ 81.573357799029537, 25.192085164843114 ], [ 81.595490189817028, 25.181905856527152 ], [ 81.588552448854784, 25.1658495079466 ], [ 81.615592160211563, 25.169093625980206 ], [ 81.626247613056975, 25.160594009945211 ], [ 81.623422721390483, 25.141135330107591 ], [ 81.614563456012036, 25.144393637335707 ], [ 81.597720282644786, 25.131226037755187 ], [ 81.597142876052757, 25.118935175715322 ], [ 81.610142571993563, 25.11227568449241 ], [ 81.608266326845396, 25.09594316929967 ], [ 81.624375929829171, 25.119944259100532 ], [ 81.640788285103568, 25.099056202558774 ], [ 81.600159600167956, 25.074198134792617 ], [ 81.61729464596317, 25.061085025484562 ], [ 81.611670719428076, 25.056304560978546 ], [ 81.641263509818202, 25.056746488537854 ], [ 81.666678220795902, 25.07505350894375 ], [ 81.667191082358087, 25.061354338684257 ], [ 81.682354700355631, 25.061177766449415 ], [ 81.69351622381663, 25.048843294179033 ], [ 81.689790933561866, 25.038930851557474 ], [ 81.713352762431938, 25.036056952371791 ], [ 81.721471021935258, 25.038282623861324 ], [ 81.723777490185867, 25.049970734706683 ], [ 81.731546504896457, 25.048624774554845 ], [ 81.792723188490058, 25.004424097594729 ], [ 81.80400543267811, 25.001865320744685 ], [ 81.810692289639789, 25.01288418493014 ], [ 81.835207268593265, 25.017255954090313 ], [ 81.853738506588911, 25.002589005497004 ], [ 81.890942140628326, 24.995742749222099 ], [ 81.891352232375809, 24.988850169471121 ], [ 81.902127613429215, 25.000380796050244 ], [ 81.895733003063199, 25.009794785184837 ], [ 81.907091607987752, 25.006179805784832 ], [ 81.901494512028989, 24.986478915149277 ], [ 81.907896339365351, 24.980099588741922 ], [ 81.910399637872402, 24.937357783643556 ], [ 81.919683367736909, 24.928106429215912 ], [ 81.90290150963483, 24.89157329057495 ], [ 81.907924147494938, 24.881328088062119 ], [ 81.933753820640717, 24.870685359600873 ], [ 81.938110063457373, 24.849731474415172 ], [ 81.965394246379617, 24.827059752399727 ], [ 81.971574945221349, 24.838915051666131 ], [ 82.016965634578739, 24.845976463116042 ], [ 82.045377746925425, 24.828569176522226 ], [ 82.097692198879258, 24.816128523842149 ], [ 82.115647091944965, 24.784415952768285 ], [ 82.133666332953695, 24.787842538667093 ], [ 82.13875898666231, 24.799354318598727 ], [ 82.167093933653405, 24.78546416530455 ], [ 82.178880972982725, 24.795108937534248 ], [ 82.169689420282367, 24.798027825241185 ], [ 82.166648533588258, 24.800800268399922 ], [ 82.175226485662122, 24.800973663307456 ], [ 82.178233569347924, 24.810770010506445 ], [ 82.203586612688397, 24.819121818880415 ], [ 82.184295616949726, 24.795612283727838 ], [ 82.216234759759359, 24.794059257206129 ], [ 82.209250430773409, 24.778415792871471 ], [ 82.217853976095512, 24.776674987939831 ], [ 82.209283747488684, 24.771675980126247 ], [ 82.196579446675059, 24.778047743626111 ], [ 82.195457276758347, 24.764156835463289 ], [ 82.20317435840029, 24.758078696858071 ], [ 82.177562035250176, 24.732182306440428 ], [ 82.213822337440973, 24.734228352680045 ], [ 82.221215005415104, 24.721944544261056 ], [ 82.207004082719763, 24.747311838649306 ], [ 82.216008260907955, 24.754468862763016 ], [ 82.229238967094247, 24.745055370322476 ], [ 82.224800266918578, 24.757856257981157 ], [ 82.234163463823208, 24.760561407978301 ], [ 82.245575666651291, 24.74406483656098 ], [ 82.24611097431746, 24.769656818301161 ], [ 82.250793795226457, 24.769822627712038 ], [ 82.255385729425825, 24.74765220816116 ], [ 82.244845848955407, 24.730427242092379 ], [ 82.250136669316689, 24.697101468131599 ], [ 82.229692475979888, 24.681982011655641 ], [ 82.238991825373219, 24.661070227862748 ], [ 82.240144727443749, 24.669642130931067 ], [ 82.249210564195849, 24.671332211905277 ], [ 82.260955659775803, 24.661462314560794 ], [ 82.27289571911318, 24.6745735186927 ], [ 82.262848393450739, 24.678798264548661 ], [ 82.268691320342143, 24.683363558539714 ], [ 82.285552842800968, 24.67542730837723 ], [ 82.287701051926533, 24.666215097581699 ], [ 82.303013713842219, 24.666906740358748 ], [ 82.296119219262891, 24.661349925117044 ], [ 82.303881303533259, 24.643895057132649 ], [ 82.296684365320871, 24.605805497406983 ], [ 82.319678128150755, 24.606136956620894 ], [ 82.338916759762697, 24.620211957530017 ], [ 82.36379412059587, 24.59755729425061 ], [ 82.41612554695638, 24.591115535709545 ], [ 82.422314872238104, 24.599421958528197 ], [ 82.409156347251653, 24.625106022200622 ], [ 82.41853010349601, 24.651902486028252 ], [ 82.40636796703663, 24.681245153534782 ], [ 82.429532591306639, 24.702625000473212 ], [ 82.45327352699401, 24.688520295036771 ], [ 82.449844574963308, 24.674645522958297 ], [ 82.52353652252097, 24.675986261626072 ], [ 82.529331118243903, 24.653231695267024 ], [ 82.539121619268187, 24.647733264943074 ], [ 82.670989008366107, 24.696937184588627 ], [ 82.701615187170802, 24.675045526219158 ], [ 82.698251017380173, 24.646930035473233 ], [ 82.706565121116114, 24.636195827044325 ], [ 82.717872480493526, 24.64250041251065 ], [ 82.718221831956171, 24.634816026017365 ], [ 82.727964270564101, 24.63528412415738 ], [ 82.732332177103615, 24.644368200115128 ], [ 82.753173158389487, 24.636759155121165 ], [ 82.773806333662264, 24.641669361744508 ], [ 82.771871969683019, 24.621577290593553 ], [ 82.779502070025927, 24.614036881015561 ], [ 82.765408768401556, 24.595808941247949 ], [ 82.805308386807695, 24.59473839095449 ], [ 82.81076994447838, 24.54722998507139 ], [ 82.754589945982858, 24.535789984368165 ], [ 82.753679946437913, 24.548009985244182 ], [ 82.719275177057668, 24.552378802554301 ], [ 82.731058717324757, 24.534785603577994 ], [ 82.720592194443185, 24.528715352321701 ], [ 82.720698523689748, 24.513771220608607 ], [ 82.743698672219168, 24.496277390380079 ], [ 82.729974867073693, 24.472433043327854 ], [ 82.736464456074614, 24.461716611655167 ], [ 82.732483303758386, 24.431337575944415 ], [ 82.739805964827298, 24.430111194085317 ], [ 82.721831646322542, 24.413574054810166 ], [ 82.71346742755361, 24.380305596426442 ], [ 82.725424397843739, 24.368126474407724 ], [ 82.755950177712933, 24.369809851344481 ], [ 82.760046265611237, 24.377246015664653 ], [ 82.769530024663595, 24.370714747409611 ], [ 82.764442034043242, 24.354923755700678 ], [ 82.773332067806606, 24.343774812504016 ], [ 82.76552389750708, 24.314168786942755 ], [ 82.772796959524356, 24.307615943502746 ], [ 82.755800341563088, 24.261902695302503 ], [ 82.758853173683946, 24.2367105409194 ], [ 82.734677513701683, 24.217274479158529 ], [ 82.744363006727511, 24.165573359279982 ], [ 82.728135374790156, 24.135554762560634 ], [ 82.700331618186425, 24.139066260644892 ], [ 82.683046641025214, 24.154646260292878 ], [ 82.670468519795904, 24.147042989481648 ], [ 82.674223721198302, 24.140719495055162 ], [ 82.664492125259301, 24.128290172971038 ], [ 82.707135494573166, 24.096891353983647 ], [ 82.713886028002776, 24.07462516004696 ], [ 82.733132659219635, 24.07854642573508 ], [ 82.748267318283538, 24.070490328206542 ], [ 82.760038432239156, 24.077131134310896 ], [ 82.764413012911177, 24.069922497212051 ], [ 82.773995464427102, 24.075947437333486 ], [ 82.76636136281104, 24.046500325286733 ], [ 82.747310841326112, 24.026897633856482 ], [ 82.750635718704231, 24.012664368111 ], [ 82.803861400493787, 24.003528139899352 ], [ 82.808624249184518, 23.986121459569699 ], [ 82.802215464853575, 23.979262914308361 ], [ 82.810347977110183, 23.962391913478964 ], [ 82.781066774909249, 23.938361994347773 ], [ 82.754460851587481, 23.934188057506976 ], [ 82.752383728179993, 23.919789758388845 ], [ 82.698930681641698, 23.924925846561049 ], [ 82.684379611084267, 23.910309593135349 ], [ 82.661590107692689, 23.907641818162169 ], [ 82.65123394628931, 23.886767754391627 ], [ 82.668170052165209, 23.871012115515253 ], [ 82.659965032189589, 23.854777962372431 ], [ 82.646671130836225, 23.858954086328087 ], [ 82.64714303464109, 23.848721999324756 ], [ 82.638244298177213, 23.848030062806018 ], [ 82.635348324725456, 23.837747784536077 ], [ 82.588619687206418, 23.821438445042368 ], [ 82.53307432263955, 23.822146943769173 ], [ 82.548441950686268, 23.808548626670397 ], [ 82.551474515753156, 23.790641023682532 ], [ 82.538127595761964, 23.794250248524214 ], [ 82.52339752208583, 23.783677375546098 ], [ 82.497438849084446, 23.784891457679478 ], [ 82.466057100658176, 23.811959111769191 ], [ 82.393583267870923, 23.799915628079081 ], [ 82.373942764672833, 23.811959729713887 ], [ 82.334527589651429, 23.802609642054342 ], [ 82.260610616848766, 23.821240528144322 ], [ 82.231813167000055, 23.805314215372039 ], [ 82.225508846776719, 23.820083762107426 ], [ 82.206312366208849, 23.8274111483036 ], [ 82.21531941434263, 23.841018730894433 ], [ 82.209530046508547, 23.85270906564369 ], [ 82.180851651875727, 23.836279919786719 ], [ 82.171500455807617, 23.818271997309534 ], [ 82.052726636615276, 23.819423804506823 ], [ 82.038532726946428, 23.826799279964842 ], [ 82.04418043722093, 23.841648912247742 ], [ 82.007570733690315, 23.861704157368738 ], [ 81.957799287972875, 23.852284049145766 ], [ 81.9395306973923, 23.867790991067196 ], [ 81.921474211915438, 23.870912522415903 ], [ 81.899029056183664, 23.840860413737126 ], [ 81.86771218651603, 23.834144774439881 ], [ 81.863070370992759, 23.824456782827092 ], [ 81.838200487995863, 23.821102741501893 ], [ 81.815580048178646, 23.806365009670916 ], [ 81.808393131518201, 23.813485908073766 ], [ 81.791118465492033, 23.809346796777785 ], [ 81.725473773046829, 23.839824006800654 ], [ 81.731977754723388, 23.856677854359866 ], [ 81.707490600419433, 23.861132462653668 ], [ 81.70731008405707, 23.882359253589698 ], [ 81.690436977308906, 23.884763145624277 ], [ 81.687544324912508, 23.906478247471323 ], [ 81.672310074869813, 23.913387869019214 ], [ 81.668582233781422, 23.924962295786568 ], [ 81.632183785044504, 23.905821169633086 ], [ 81.609017499312515, 23.903204617003215 ], [ 81.604235025350206, 23.881751757058897 ], [ 81.622207026232772, 23.870353013995242 ], [ 81.603181771522358, 23.853710074123196 ], [ 81.613229684668312, 23.834477555179685 ], [ 81.635835896376705, 23.834513036917272 ], [ 81.651446671907038, 23.799055296067824 ], [ 81.644661668830409, 23.770126119802885 ], [ 81.681917769877188, 23.753234866737337 ], [ 81.686762054435945, 23.74750391243461 ], [ 81.678465283562318, 23.739371798447014 ], [ 81.695891029453108, 23.721322403541887 ], [ 81.684077917339962, 23.690919581216637 ], [ 81.655549199457454, 23.682016062601011 ], [ 81.6551721767526, 23.663136213704224 ], [ 81.644545516035819, 23.657183363893672 ], [ 81.61468443631081, 23.662831483870477 ], [ 81.618903680414505, 23.64147379102851 ], [ 81.606514102798272, 23.613870584087874 ], [ 81.611968670229999, 23.59525296629004 ], [ 81.589703861639379, 23.596025976590919 ], [ 81.576684479064667, 23.585344496467037 ], [ 81.584021301084263, 23.553575965383132 ], [ 81.610316476860774, 23.555083069458746 ], [ 81.616327367739203, 23.530752065355912 ], [ 81.61140221550572, 23.512528619115812 ], [ 81.627052905601701, 23.482026867331609 ], [ 81.644166097870709, 23.481843492224929 ], [ 81.662357291045979, 23.514014539850351 ], [ 81.658911342534196, 23.528997087508952 ], [ 81.668117708835709, 23.532945228688053 ], [ 81.699904294670901, 23.522143105493697 ], [ 81.722524897618868, 23.543299520000858 ], [ 81.725174654110276, 23.556762784171784 ], [ 81.746568492199344, 23.569776823347453 ], [ 81.758188098347148, 23.549908666265729 ], [ 81.809124215977974, 23.549301590829767 ], [ 81.820639352479432, 23.515336197143867 ], [ 81.836385347681116, 23.510920682382103 ], [ 81.86339432855489, 23.517538280304006 ], [ 81.875809048078153, 23.512772349281523 ], [ 81.907873034942497, 23.535334181734438 ], [ 81.923286122115783, 23.532659409957414 ], [ 81.942379884755994, 23.505667431205364 ], [ 81.957540721544106, 23.500335351024592 ], [ 81.954992577564681, 23.467170353249312 ], [ 81.980411710400915, 23.44691406178066 ], [ 81.983898303464997, 23.42927720537465 ], [ 81.976787474582466, 23.423683775650623 ], [ 81.985334272220882, 23.414495047573936 ], [ 81.999677845803689, 23.421542457551237 ], [ 82.009256825109219, 23.411933757887734 ], [ 82.025384097650345, 23.424899690184226 ], [ 82.032751888533582, 23.409990184691335 ], [ 82.023848382864372, 23.40867077631146 ], [ 82.029069883535669, 23.4002036693809 ], [ 82.021897999450076, 23.387322014267006 ], [ 82.03231109021948, 23.382416075902977 ], [ 82.036951486194681, 23.38868349523548 ], [ 82.05600384229075, 23.376784304712505 ], [ 82.064062389979227, 23.392938247609766 ], [ 82.10346496727432, 23.398209129664082 ], [ 82.113760351711861, 23.3840997883329 ], [ 82.110175816262114, 23.36318385396892 ], [ 82.117160336855932, 23.355446370326192 ], [ 82.145621368106532, 23.361221585111409 ], [ 82.163732565378751, 23.334709688381182 ], [ 82.193903385854014, 23.323935851016994 ], [ 82.199388154842353, 23.313429073078311 ], [ 82.193271152327057, 23.277751108067964 ], [ 82.17438941037598, 23.268701470322966 ], [ 82.167261392307864, 23.24626063629233 ], [ 82.144836486898924, 23.227369830452652 ], [ 82.153697221625919, 23.209192659006039 ], [ 82.143097918347081, 23.186940873190736 ], [ 82.148889227686723, 23.175651598733975 ], [ 82.144227212193059, 23.165574131655788 ], [ 82.160269989660293, 23.161497036005514 ], [ 82.161268469510091, 23.143023309731376 ], [ 82.139646886746405, 23.131979389507066 ], [ 82.137241145774539, 23.111944250777633 ], [ 82.125474129516491, 23.103849645407951 ], [ 82.070235211995168, 23.118184125036318 ], [ 82.034723205465923, 23.080389047813085 ], [ 81.991256411675806, 23.086593654480968 ], [ 81.963517452543783, 23.075885429177877 ], [ 81.942251115285075, 23.078965003775391 ], [ 81.946854301150438, 23.069101119186044 ], [ 81.929865215294015, 23.061873446451258 ], [ 81.921501721296309, 23.04081403297657 ], [ 81.950481347536709, 22.982926947080148 ], [ 81.946307574804052, 22.956778659417182 ], [ 81.918921689552477, 22.946545327983486 ], [ 81.878240207784557, 22.909808616710688 ], [ 81.866113994811201, 22.915810573294809 ], [ 81.869491370918212, 22.894507924147611 ], [ 81.861626586772203, 22.889261058730511 ], [ 81.77568302225184, 22.874436745917798 ], [ 81.776551882285489, 22.851740083511093 ], [ 81.761345192285475, 22.830287275256776 ], [ 81.781777964027583, 22.810945379748059 ], [ 81.783581712524267, 22.779183273342671 ], [ 81.794391063324113, 22.766461024196477 ], [ 81.752304897509717, 22.726759073845916 ], [ 81.771576183867097, 22.676506450758005 ], [ 81.768642191130553, 22.664483419969233 ], [ 81.754550293661993, 22.646469494899314 ], [ 81.747054920713467, 22.648167581887375 ], [ 81.75194567671447, 22.654650513797908 ], [ 81.742891126228258, 22.672667583150591 ], [ 81.728810607504613, 22.676351573786874 ], [ 81.713443171725615, 22.648299241049052 ], [ 81.683525881163291, 22.647050573267087 ], [ 81.647235220936437, 22.613187478061242 ], [ 81.645459094958738, 22.584606824622721 ], [ 81.657784022336827, 22.584429960845782 ], [ 81.659943197741498, 22.569536182537782 ], [ 81.642809243270207, 22.559803362701995 ], [ 81.629113800475125, 22.563387108763106 ], [ 81.622132883309547, 22.538188919568842 ], [ 81.599725472912553, 22.535326664894193 ], [ 81.591780677311249, 22.545216817170086 ], [ 81.569637977957953, 22.550715572975328 ], [ 81.562754590754466, 22.542443791022375 ], [ 81.569859351806002, 22.53226872545001 ], [ 81.546212453884777, 22.52757094090159 ], [ 81.522224009766163, 22.538902369380743 ], [ 81.51822756859751, 22.519829374963052 ], [ 81.509174573250547, 22.525964267961466 ], [ 81.496523008939249, 22.519301424634758 ], [ 81.484929947499907, 22.488003822429555 ], [ 81.442606209701623, 22.494350939966449 ], [ 81.451081096826059, 22.486603443991012 ], [ 81.442540439995724, 22.479197765701702 ], [ 81.4508822721358, 22.47858899855731 ], [ 81.446616795981569, 22.469763634991775 ], [ 81.458835003034963, 22.469227118236212 ], [ 81.447367806549707, 22.465875598787427 ], [ 81.439213702009226, 22.482125027480755 ], [ 81.427838570093186, 22.479812824372463 ], [ 81.422777424345909, 22.470047905925092 ], [ 81.428699417214972, 22.456888551614881 ], [ 81.406704416195581, 22.440951036244851 ], [ 81.396411751859191, 22.44008127453635 ], [ 81.390059810873581, 22.452264237507741 ], [ 81.382085059711741, 22.509707642979301 ], [ 81.354310213867493, 22.511258394636691 ], [ 81.326526695017918, 22.526144186746063 ], [ 81.31757987593997, 22.514307169740032 ], [ 81.322796912776653, 22.489159913030548 ], [ 81.313727958038825, 22.482921214111848 ], [ 81.281269234626777, 22.502954192278217 ], [ 81.273286340075273, 22.493186693808944 ], [ 81.262129765687661, 22.493265009369626 ], [ 81.261933072369985, 22.472169664598137 ], [ 81.232173273411831, 22.452158446658263 ], [ 81.200160057606354, 22.462778434453277 ], [ 81.195632291600234, 22.490615147790923 ], [ 81.172692259453314, 22.487908539728689 ], [ 81.155115238134542, 22.454914656285307 ], [ 81.127008277697158, 22.449228925479535 ], [ 81.111164138696381, 22.437574542018403 ], [ 81.103663032974794, 22.383367558464236 ], [ 81.12121086787441, 22.342595523686757 ], [ 81.113561163952141, 22.324209278845359 ], [ 81.118718115045311, 22.291260508221679 ], [ 81.101854400577594, 22.278304477032741 ], [ 81.091526873654743, 22.249002854874593 ], [ 81.079637152064706, 22.239453149472023 ], [ 81.07283573837941, 22.248257509092099 ], [ 81.05006138831115, 22.24455055267882 ], [ 81.019411437019102, 22.221012929743779 ], [ 81.031615792713154, 22.199780980434426 ], [ 81.030670306343197, 22.187574461784379 ], [ 81.016667233051294, 22.185400119210801 ], [ 81.026755293232355, 22.166261699511558 ], [ 81.021851756420546, 22.132811115178573 ], [ 80.994781756788441, 22.135535807935248 ], [ 80.978032441854964, 22.122617317953114 ], [ 80.980796974040757, 22.110440259801212 ], [ 80.990453955431335, 22.113525375395419 ], [ 81.011152966912888, 22.095733034474588 ], [ 81.001489470963179, 22.083544194673497 ], [ 81.009051536478395, 22.07119638784863 ], [ 81.005135622987311, 22.061378913110524 ], [ 80.994905777236738, 22.058501129328874 ], [ 80.994184705526806, 22.049274699895644 ], [ 80.970041946451374, 22.057408334047185 ], [ 80.971754352278595, 22.085124117109832 ], [ 80.956884926162488, 22.110525654418048 ], [ 80.947519701757201, 22.118271225521795 ], [ 80.922008027256396, 22.119950605714514 ], [ 80.90785503069803, 22.109336392766373 ], [ 80.896810659839474, 22.064343412240792 ], [ 80.882698869821454, 22.059034051000594 ], [ 80.88581154673453, 22.049604263046085 ], [ 80.875847138269734, 22.038688283255969 ], [ 80.875827660173485, 22.013406145086577 ], [ 80.856748976877412, 21.964845511007358 ], [ 80.847545539479128, 21.955738197077153 ], [ 80.825613470742098, 21.958311284864926 ], [ 80.828887126123547, 21.947898916652296 ], [ 80.842958726636937, 21.946189319615108 ], [ 80.847777375772992, 21.931157407884214 ], [ 80.832016197964919, 21.908221813566257 ], [ 80.831860039550733, 21.890286846636378 ], [ 80.85295613232536, 21.87268285204885 ], [ 80.842277654669317, 21.864941261114243 ], [ 80.852457579199182, 21.854347138795507 ], [ 80.839196361855315, 21.847917065649895 ], [ 80.844714605323631, 21.829363935704581 ], [ 80.838585756504628, 21.80035470745781 ], [ 80.816723668475447, 21.761808410113023 ], [ 80.8197201429481, 21.748022333685924 ], [ 80.785432650281223, 21.74030797872933 ], [ 80.778126739198086, 21.754782157972485 ], [ 80.756106303193079, 21.76215697357431 ], [ 80.740940689921388, 21.744539971103819 ], [ 80.73205910208857, 21.713662713937889 ], [ 80.726142611531287, 21.713665761205426 ], [ 80.734136555350261, 21.694506894281382 ], [ 80.715976205814485, 21.674728377859509 ], [ 80.714387344533222, 21.661549955156527 ], [ 80.71928319263445, 21.645370906452154 ], [ 80.726845629576275, 21.645623388671844 ], [ 80.73094597136145, 21.617347719899531 ], [ 80.717048394013474, 21.60296610528135 ], [ 80.7153557293462, 21.585049999131314 ], [ 80.728914484258411, 21.572575011774966 ], [ 80.720092048489505, 21.55490369922893 ], [ 80.740773364653634, 21.539236165219315 ], [ 80.727633611661602, 21.49624264663888 ], [ 80.737438585842298, 21.471295544365425 ], [ 80.724399692366717, 21.445184418414438 ], [ 80.705739051702309, 21.430883866746662 ], [ 80.706548175943269, 21.411555665849111 ], [ 80.67754731598248, 21.348426650835179 ], [ 80.651881153855101, 21.326983817564905 ], [ 80.620879792382794, 21.320239014880148 ], [ 80.59920525411944, 21.327109124562252 ], [ 80.589383841615756, 21.333497633973227 ], [ 80.589503197190325, 21.343596972507282 ], [ 80.56666074521884, 21.345611712936741 ], [ 80.570198828822171, 21.357503181733648 ], [ 80.543299061972391, 21.370512483998528 ], [ 80.527652424417141, 21.394753044453871 ], [ 80.508444419105345, 21.390703459715397 ], [ 80.501100925169794, 21.398442947759921 ], [ 80.484198543977413, 21.395323067031544 ], [ 80.481097296437525, 21.400929238446633 ], [ 80.476473542006232, 21.394885379423005 ], [ 80.457566392956849, 21.402672115677881 ], [ 80.448639617910672, 21.372040717909346 ], [ 80.412261906365927, 21.376702548178681 ], [ 80.396116135715388, 21.408004906113579 ], [ 80.42223035363682, 21.440449407523943 ], [ 80.409107330296393, 21.467309141084087 ], [ 80.384057292547752, 21.490013612418963 ], [ 80.376499342409616, 21.52325809844865 ], [ 80.331121152589915, 21.547524969662938 ], [ 80.339282955047437, 21.554858864873847 ], [ 80.327955507776863, 21.571176384738525 ], [ 80.298319992742393, 21.575492598676203 ], [ 80.294484960708843, 21.592807207847109 ], [ 80.280787759708289, 21.59629115523888 ], [ 80.270303468945542, 21.615838557623729 ], [ 80.253284272312996, 21.624758061412269 ], [ 80.221561117723539, 21.620885796943089 ], [ 80.209906800546761, 21.634758174145357 ], [ 80.192785313167235, 21.635443461376415 ], [ 80.154628366608236, 21.60645926915938 ], [ 80.119715428799097, 21.609871316865707 ], [ 80.116641375770371, 21.59361546738155 ], [ 80.101118859496097, 21.589835322218573 ], [ 80.066721598035727, 21.55410124263183 ], [ 80.032890835640771, 21.556117701166169 ], [ 79.998495896350974, 21.533422578665252 ], [ 79.971491652403174, 21.557707298931177 ], [ 79.935891974949399, 21.556113643257163 ], [ 79.922172353689632, 21.541658469820241 ], [ 79.918417772020248, 21.524432312597085 ], [ 79.891216921240854, 21.518014989815608 ], [ 79.831209330965862, 21.546733551303813 ], [ 79.792079532413723, 21.586579856061253 ], [ 79.737637197517984, 21.603846643776432 ], [ 79.718165385456274, 21.593048001108013 ], [ 79.699078475894765, 21.592890598875488 ], [ 79.689556296849105, 21.580945890318553 ], [ 79.660921505338194, 21.576869149158735 ], [ 79.651966546996107, 21.55573543963234 ], [ 79.618512761945837, 21.557250792798165 ], [ 79.581386239814307, 21.541286599879871 ], [ 79.565935726569094, 21.547617535890407 ], [ 79.540565817594711, 21.542677714148631 ], [ 79.542602941706377, 21.568061821020791 ], [ 79.512036750720242, 21.583964271519886 ], [ 79.503668161429559, 21.614764697167498 ], [ 79.517021813568903, 21.625308881394108 ], [ 79.504163301043022, 21.640765297278161 ], [ 79.496149626481582, 21.673966969353668 ], [ 79.460710766698085, 21.687324395500415 ], [ 79.434876592814376, 21.682692948685304 ], [ 79.422208099116943, 21.691815757323798 ], [ 79.392445830100272, 21.67389400854832 ], [ 79.352321523303871, 21.67793163130041 ], [ 79.354125774030237, 21.684586533398697 ], [ 79.290507182169861, 21.692616241162625 ], [ 79.268272361023762, 21.715307275656819 ], [ 79.230999960942597, 21.722257544000026 ], [ 79.237149278983424, 21.712932377618202 ], [ 79.220760271983778, 21.692655112911144 ], [ 79.221751273395597, 21.676798530718081 ], [ 79.231065683130197, 21.670083783830055 ], [ 79.223931922809371, 21.648595130584088 ], [ 79.153990428289219, 21.659746121472434 ], [ 79.130152398690313, 21.625736669003029 ], [ 79.100341550460428, 21.61745405150101 ], [ 79.106904107231827, 21.604814202727898 ], [ 79.093631638562258, 21.597996158711108 ], [ 79.076473162637882, 21.605388095642841 ], [ 79.012263292067459, 21.599409602837735 ], [ 78.998414487819147, 21.619005048420732 ], [ 78.975311255298024, 21.617622280039448 ], [ 78.943272183235294, 21.591934176841885 ], [ 78.916536806857636, 21.590895110994794 ], [ 78.913731461440577, 21.570955222636588 ], [ 78.931641139220218, 21.561731426126173 ], [ 78.906611478093936, 21.55320561413679 ], [ 78.929625296916498, 21.540288684660997 ], [ 78.927208401094134, 21.522189945904096 ], [ 78.944177675688181, 21.515804851975975 ], [ 78.93670166237689, 21.485714370967468 ], [ 78.899379358376692, 21.500427117097111 ], [ 78.890861363650842, 21.485183155535292 ], [ 78.868064902833041, 21.493986232041244 ], [ 78.841090540625117, 21.486898009476054 ], [ 78.800350968755225, 21.490148144426641 ], [ 78.780169244315459, 21.478624281722386 ], [ 78.776176290534863, 21.464516981396699 ], [ 78.766892060945736, 21.488929767540917 ], [ 78.75091344366372, 21.492915711702043 ], [ 78.745625476662156, 21.470157112997985 ], [ 78.728156831487524, 21.46218557419656 ], [ 78.688841512318547, 21.48182372978167 ], [ 78.667079950947553, 21.47698268601005 ], [ 78.643267219075909, 21.485326881104069 ], [ 78.628454684797234, 21.475502652996123 ], [ 78.608879869338978, 21.488834443638851 ], [ 78.58550944871854, 21.486709238742314 ], [ 78.567980192891852, 21.50567734735937 ], [ 78.570310576206793, 21.514074914994275 ], [ 78.511829204426448, 21.528518899447668 ], [ 78.486935132211343, 21.505502840007587 ], [ 78.451368867709363, 21.496533053541643 ], [ 78.436016281729039, 21.500605995397329 ], [ 78.432279510117439, 21.514364269595752 ], [ 78.438671115315657, 21.517606625069284 ], [ 78.43001627833722, 21.527497631634287 ], [ 78.434868632665683, 21.53391373612671 ], [ 78.424481309106781, 21.544265615315005 ], [ 78.428144674265894, 21.559259024080724 ], [ 78.419321002778432, 21.579642159905251 ], [ 78.427431951832062, 21.598928519624277 ], [ 78.387432203130203, 21.614833072540804 ], [ 78.37277097042309, 21.613447241119466 ], [ 78.381838166950189, 21.591693905977635 ], [ 78.363279603789366, 21.574870631415489 ], [ 78.355637266702615, 21.572969787148701 ], [ 78.342861633060352, 21.588538359984614 ], [ 78.306449300687802, 21.569366745608896 ], [ 78.302980656625095, 21.583736340679746 ], [ 78.266483710639307, 21.591727602624328 ], [ 78.260273434472779, 21.579097401545724 ], [ 78.274005824687535, 21.568723851111105 ], [ 78.223396047241238, 21.552562072842434 ], [ 78.181964300997947, 21.55664118138316 ], [ 78.171413404594546, 21.525056965591876 ], [ 78.182723485169817, 21.511201063258262 ], [ 78.174560419742349, 21.507427306737362 ], [ 78.17632288505672, 21.499144594852822 ], [ 78.029782917539706, 21.421435136985064 ], [ 77.984663461673705, 21.403167452792612 ], [ 77.942512108179386, 21.396557617446799 ], [ 77.941072193078483, 21.385740783395903 ], [ 77.883127668981345, 21.375956482081193 ], [ 77.88385130929656, 21.384168456349574 ], [ 77.801068454034521, 21.40944883164401 ], [ 77.796621437642713, 21.388967104875707 ], [ 77.749965090227079, 21.382768045464129 ], [ 77.73703585625519, 21.362194610578065 ], [ 77.709837140292009, 21.357397668011348 ], [ 77.691853331016532, 21.397532459066277 ], [ 77.669588457861224, 21.368880973835299 ], [ 77.666332088124719, 21.384086146202854 ], [ 77.653633882014091, 21.391210199223412 ], [ 77.605597378306683, 21.39080937148433 ], [ 77.607698683072542, 21.364660194277171 ], [ 77.58723835669592, 21.362749208865949 ], [ 77.563388955615494, 21.369159967203476 ], [ 77.556439532455627, 21.383730941755342 ], [ 77.56185688516608, 21.395969338138681 ], [ 77.531999040824189, 21.419083740367451 ], [ 77.514415618846257, 21.375973587162648 ], [ 77.48873825244624, 21.374200841395808 ], [ 77.487550510923199, 21.406367064071418 ], [ 77.471707554243068, 21.436010588878965 ], [ 77.473420325016889, 21.45452557669357 ], [ 77.441736974648279, 21.471453936879826 ], [ 77.443058052339822, 21.487344173402313 ], [ 77.422337830824233, 21.517044411887177 ], [ 77.425657757227057, 21.53786129876087 ], [ 77.449753747572174, 21.541430306778434 ], [ 77.455012724427633, 21.55375020547293 ], [ 77.50296672351736, 21.552309695892788 ], [ 77.574969587250891, 21.526449028475291 ], [ 77.595073793635393, 21.526660478269751 ], [ 77.611756425662008, 21.538558535005414 ], [ 77.595257186517756, 21.559382923831436 ], [ 77.576924900559334, 21.55501747258845 ], [ 77.575546080803392, 21.620783988884405 ], [ 77.543787741672674, 21.703855673184698 ], [ 77.526043779910452, 21.711540746682736 ], [ 77.525329410115717, 21.724376052296886 ], [ 77.502327358176188, 21.746027363359371 ], [ 77.479414876184393, 21.754239867394467 ], [ 77.479023032325856, 21.76997411290079 ], [ 77.404313199608893, 21.752427055665002 ], [ 77.34561748481326, 21.757699400587775 ], [ 77.324451364227301, 21.752692844777648 ], [ 77.289501931897931, 21.760218414754814 ], [ 77.279615102421502, 21.75394539492904 ], [ 77.290996197515184, 21.732732936782647 ], [ 77.287103300293523, 21.722079167699704 ], [ 77.271576832424444, 21.728088795924975 ], [ 77.259931070010609, 21.714001895911103 ], [ 77.226885713570567, 21.7166049876259 ], [ 77.227278587251263, 21.69909266815943 ], [ 77.210374527414984, 21.689664305612531 ], [ 77.188157414747366, 21.701720016052573 ], [ 77.191459957193771, 21.720705954096946 ], [ 77.176038821576341, 21.725752649100702 ], [ 77.165126797131535, 21.710736541433949 ], [ 77.129580433082708, 21.72223841516405 ], [ 77.086542144489869, 21.714421964700758 ], [ 77.073153757978815, 21.719409053484764 ], [ 76.928810894299446, 21.624332285130652 ], [ 76.901830504185526, 21.59685234228261 ], [ 76.854427667966547, 21.613361142225635 ], [ 76.832827831671182, 21.588994353727674 ], [ 76.795161213947154, 21.593935001952797 ], [ 76.781304404904574, 21.564742556116954 ], [ 76.789226544419577, 21.536408496398828 ], [ 76.763338159794841, 21.520794865982626 ], [ 76.795525407602199, 21.489439861436779 ], [ 76.785771596472685, 21.465052414016892 ], [ 76.744255751607341, 21.439820862870199 ], [ 76.740182074665725, 21.411289549705046 ], [ 76.621625240771067, 21.332380750894703 ], [ 76.662657516929954, 21.280454412952963 ], [ 76.661425040683213, 21.240968741735529 ], [ 76.649386073730398, 21.244547370909878 ], [ 76.64099319502229, 21.236266040168854 ], [ 76.636912880477766, 21.20263393372004 ], [ 76.623197104125651, 21.185045970976791 ], [ 76.61367900363922, 21.192975374489475 ], [ 76.566845220559017, 21.199293108519871 ], [ 76.529668877748037, 21.18188658888171 ], [ 76.492586377016437, 21.193665119083775 ], [ 76.480041011017576, 21.181737159947886 ], [ 76.478123087438689, 21.147206389685778 ], [ 76.465945373589506, 21.14251376265991 ], [ 76.473793978582719, 21.136831371191928 ], [ 76.457516532356038, 21.133128933663045 ], [ 76.451201819993585, 21.120336392095123 ], [ 76.455620415436627, 21.107680716950448 ], [ 76.436828512151052, 21.100181155292645 ], [ 76.410192485921385, 21.102093383648395 ], [ 76.41240733654908, 21.088362835029592 ], [ 76.389483564600042, 21.08570887493465 ], [ 76.37457041425705, 21.072723859264482 ], [ 76.278907882787649, 21.070042398445867 ], [ 76.271862509497041, 21.088790253682454 ], [ 76.260052473703936, 21.090452362042619 ], [ 76.166504935830815, 21.079012871796845 ], [ 76.169714805006194, 21.103731213004366 ], [ 76.135384445654694, 21.120726325770132 ], [ 76.112242726430537, 21.15534225557774 ], [ 76.110325517054065, 21.166659636050561 ], [ 76.128174038373643, 21.175647376299608 ], [ 76.132591920252764, 21.169431519015724 ], [ 76.171673737030815, 21.166517878629115 ], [ 76.176304125416763, 21.184067824100996 ], [ 76.165224083616209, 21.190381904044617 ], [ 76.171748538857727, 21.205009629381205 ], [ 76.15825198090036, 21.213324525476189 ], [ 76.165232555355374, 21.221207833337481 ], [ 76.140862357840845, 21.227615603028951 ], [ 76.14038622397689, 21.240989403735242 ], [ 76.159109250788362, 21.255478490894021 ], [ 76.146354751657242, 21.268251753718939 ], [ 76.142745620818715, 21.285692645756498 ], [ 76.12840115256968, 21.286629971437392 ], [ 76.120310086867846, 21.322871523816783 ], [ 76.095590138848522, 21.371158184013218 ], [ 76.047762634624064, 21.349002007690547 ], [ 76.029278416508291, 21.364894192491889 ], [ 75.986601661661069, 21.368774869812597 ], [ 75.962650745098188, 21.389688977885967 ], [ 75.910509777639348, 21.382473090269265 ], [ 75.889900409236233, 21.39460356570472 ], [ 75.870094169457545, 21.39100829198334 ], [ 75.862420404892049, 21.380004523401158 ], [ 75.841254805010976, 21.384468247311961 ], [ 75.833203082670138, 21.376689967318711 ], [ 75.802922569811841, 21.384538621289892 ], [ 75.755518053212398, 21.379338766079453 ], [ 75.728300035979956, 21.38867301933578 ], [ 75.703324979956491, 21.388080318883642 ], [ 75.670388401205614, 21.374594945848251 ], [ 75.623235751300896, 21.375017167068115 ], [ 75.606587140695311, 21.391813706791716 ], [ 75.571480216024995, 21.38175733199234 ], [ 75.578991163298284, 21.376514921118151 ], [ 75.557298633342128, 21.373217518580319 ], [ 75.556009798304189, 21.378865247148202 ], [ 75.543837801320365, 21.368540146710647 ], [ 75.520117475861554, 21.386978831789992 ], [ 75.51222995237643, 21.382096397274264 ], [ 75.449281535283177, 21.390195452383477 ], [ 75.440099308854968, 21.384245602911236 ], [ 75.425940534659148, 21.390763484711997 ], [ 75.382390117190809, 21.379331935186375 ], [ 75.357165122739119, 21.400867339484197 ], [ 75.351572941358569, 21.390626336349854 ], [ 75.307398081824815, 21.392333233882592 ], [ 75.29950030557562, 21.384714090952016 ], [ 75.301114636560214, 21.409833009431424 ], [ 75.295410641605059, 21.413536489372341 ], [ 75.254453613717843, 21.401873994399644 ], [ 75.233392168108665, 21.414841592534255 ], [ 75.217352755351783, 21.408565544569775 ], [ 75.125947452463734, 21.449201262323978 ], [ 75.107742374145744, 21.462260730082839 ], [ 75.088622361365168, 21.500608354458766 ], [ 75.089793765858616, 21.515500504968227 ], [ 75.051639038623875, 21.566503263779172 ], [ 75.020314156158236, 21.568637730637775 ], [ 74.979544761516877, 21.595111739549768 ], [ 74.914767589750284, 21.612680932680743 ], [ 74.901472756153936, 21.629314787615652 ], [ 74.865423221006054, 21.628578195245474 ], [ 74.862840367245127, 21.634322331343778 ], [ 74.83129262056876, 21.618249982770987 ], [ 74.829188908332867, 21.609930924121002 ], [ 74.782833855734708, 21.610708704102464 ], [ 74.687416431419578, 21.631606762313421 ], [ 74.664137022581542, 21.652360149396806 ], [ 74.582195917887304, 21.665675294228482 ] ], [ [ 74.851620398869969, 24.678787136252271 ], [ 74.85229592995266, 24.684966388403481 ], [ 74.851022785960325, 24.68532954831122 ], [ 74.851620398869969, 24.678787136252271 ] ], [ [ 79.387190583331375, 25.085696553410397 ], [ 79.380784661901131, 25.122451965800252 ], [ 79.363697010451588, 25.126218732539478 ], [ 79.374196333728705, 25.142603630345555 ], [ 79.358198770721216, 25.143288810992875 ], [ 79.350584263176501, 25.116984689281356 ], [ 79.37969799386822, 25.101182830432165 ], [ 79.37251311103887, 25.091985828617393 ], [ 79.379567740424505, 25.085609298664725 ], [ 79.374664186363376, 25.067726422563556 ], [ 79.379806079950527, 25.064792260808172 ], [ 79.365337774164317, 25.059034622833519 ], [ 79.351061465035315, 25.068787998956083 ], [ 79.359768722280052, 25.053445365812614 ], [ 79.356107139069053, 25.040469386445981 ], [ 79.364177575585217, 25.040978028789802 ], [ 79.369162611070919, 25.054260483208932 ], [ 79.394958199403547, 25.032119872485474 ], [ 79.413048939438738, 25.035273045475883 ], [ 79.425911360210947, 25.058588862725337 ], [ 79.407388777525384, 25.064780392385643 ], [ 79.405034174651306, 25.078532178503686 ], [ 79.387190583331375, 25.085696553410397 ] ], [ [ 79.370475772031227, 25.181706711411053 ], [ 79.359441337994625, 25.188469360210011 ], [ 79.354465862096433, 25.175891780658844 ], [ 79.365378303160952, 25.171113159139441 ], [ 79.370475772031227, 25.181706711411053 ] ] ], [ [ [ 74.174220131125935, 22.417140016979129 ], [ 74.178395131110463, 22.387605016026313 ], [ 74.155700130505693, 22.412950016086107 ], [ 74.174220131125935, 22.417140016979129 ] ] ] ] } }
]
}
